Starting ChromeDriver 135.0.7049.42 (0f351bbd2617e0f775543271f34b7d241f8ebcdc-refs/branch-heads/7049@{#1349}) on port 51047
Only local connections are allowed.
Please see https://chromedriver.chromium.org/security-considerations for suggestions on keeping ChromeDriver safe.
ChromeDriver was started successfully on port 51047.
[1744977837.054][INFO]: [ee37cfa0bc58cd51f9b7fe744b794ee3] COMMAND InitSession {
   "capabilities": {
      "alwaysMatch": {
         "browserName": "chrome",
         "goog:chromeOptions": {
            "w3c": true
         },
         "goog:loggingPrefs": {
            "browser": "ALL"
         }
      },
      "firstMatch": [ {
      } ]
   }
}
[1744977837.054][INFO]: Browser search. Trying... /Users/vasugoel/Documents/BrowserStack Assessments/nightwatch-cucumber-project/node_modules/chromedriver/lib/chromedriver/Google Chrome for Testing.app/Contents/MacOS/Google Chrome for Testing
[1744977837.054][INFO]: Browser search. Trying... /Users/vasugoel/Documents/BrowserStack Assessments/nightwatch-cucumber-project/node_modules/chromedriver/lib/chromedriver/Google Chrome for Testing.app/Contents/MacOS/Google Chrome for Testing
[1744977837.054][INFO]: Browser search. Trying... /Users/vasugoel/Documents/BrowserStack Assessments/nightwatch-cucumber-project/node_modules/chromedriver/lib/chromedriver/Google Chrome.app/Contents/MacOS/Google Chrome
[1744977837.054][INFO]: Browser search. Trying... /Users/vasugoel/Documents/BrowserStack Assessments/nightwatch-cucumber-project/node_modules/chromedriver/lib/chromedriver/Chromium.app/Contents/MacOS/Chromium
[1744977837.054][INFO]: Browser search. Trying... /Users/vasugoel/Applications/Google Chrome for Testing.app/Contents/MacOS/Google Chrome for Testing
[1744977837.054][INFO]: Browser search. Trying... /Applications/Google Chrome for Testing.app/Contents/MacOS/Google Chrome for Testing
[1744977837.054][INFO]: Browser search. Trying... /Users/vasugoel/Documents/BrowserStack Assessments/nightwatch-cucumber-project/node_modules/chromedriver/lib/chromedriver/Google Chrome for Testing.app/Contents/MacOS/Google Chrome for Testing
[1744977837.054][INFO]: Browser search. Trying... /Users/vasugoel/Documents/BrowserStack Assessments/nightwatch-cucumber-project/node_modules/.bin/Google Chrome for Testing.app/Contents/MacOS/Google Chrome for Testing
[1744977837.054][INFO]: Browser search. Trying... /Users/vasugoel/Documents/BrowserStack Assessments/nightwatch-cucumber-project/node_modules/.bin/Google Chrome for Testing.app/Contents/MacOS/Google Chrome for Testing
[1744977837.054][INFO]: Browser search. Trying... /Users/vasugoel/Documents/BrowserStack Assessments/node_modules/.bin/Google Chrome for Testing.app/Contents/MacOS/Google Chrome for Testing
[1744977837.054][INFO]: Browser search. Trying... /Users/vasugoel/Documents/node_modules/.bin/Google Chrome for Testing.app/Contents/MacOS/Google Chrome for Testing
[1744977837.055][INFO]: Browser search. Trying... /Users/vasugoel/node_modules/.bin/Google Chrome for Testing.app/Contents/MacOS/Google Chrome for Testing
[1744977837.055][INFO]: Browser search. Trying... /Users/node_modules/.bin/Google Chrome for Testing.app/Contents/MacOS/Google Chrome for Testing
[1744977837.055][INFO]: Browser search. Trying... /node_modules/.bin/Google Chrome for Testing.app/Contents/MacOS/Google Chrome for Testing
[1744977837.055][INFO]: Browser search. Trying... /usr/local/lib/node_modules/npm/node_modules/@npmcli/run-script/lib/node-gyp-bin/Google Chrome for Testing.app/Contents/MacOS/Google Chrome for Testing
[1744977837.055][INFO]: Browser search. Trying... /Library/Java/JavaVirtualMachines/jdk-21.jdk/Contents/Home/bin/Google Chrome for Testing.app/Contents/MacOS/Google Chrome for Testing
[1744977837.055][INFO]: Browser search. Trying... /opt/homebrew/bin/Google Chrome for Testing.app/Contents/MacOS/Google Chrome for Testing
[1744977837.055][INFO]: Browser search. Trying... /usr/local/bin/Google Chrome for Testing.app/Contents/MacOS/Google Chrome for Testing
[1744977837.055][INFO]: Browser search. Trying... /System/Cryptexes/App/usr/bin/Google Chrome for Testing.app/Contents/MacOS/Google Chrome for Testing
[1744977837.055][INFO]: Browser search. Trying... /usr/bin/Google Chrome for Testing.app/Contents/MacOS/Google Chrome for Testing
[1744977837.055][INFO]: Browser search. Trying... /bin/Google Chrome for Testing.app/Contents/MacOS/Google Chrome for Testing
[1744977837.055][INFO]: Browser search. Trying... /usr/sbin/Google Chrome for Testing.app/Contents/MacOS/Google Chrome for Testing
[1744977837.055][INFO]: Browser search. Trying... /sbin/Google Chrome for Testing.app/Contents/MacOS/Google Chrome for Testing
[1744977837.055][INFO]: Browser search. Trying... /var/run/com.apple.security.cryptexd/codex.system/bootstrap/usr/local/bin/Google Chrome for Testing.app/Contents/MacOS/Google Chrome for Testing
[1744977837.055][INFO]: Browser search. Trying... /var/run/com.apple.security.cryptexd/codex.system/bootstrap/usr/bin/Google Chrome for Testing.app/Contents/MacOS/Google Chrome for Testing
[1744977837.055][INFO]: Browser search. Trying... /var/run/com.apple.security.cryptexd/codex.system/bootstrap/usr/appleinternal/bin/Google Chrome for Testing.app/Contents/MacOS/Google Chrome for Testing
[1744977837.055][INFO]: Browser search. Trying... /Users/vasugoel/Applications/Google Chrome for Testing.app/Contents/MacOS/Google Chrome for Testing
[1744977837.055][INFO]: Browser search. Trying... /Applications/Google Chrome for Testing.app/Contents/MacOS/Google Chrome for Testing
[1744977837.055][INFO]: Browser search. Trying... /Users/vasugoel/Documents/BrowserStack Assessments/nightwatch-cucumber-project/node_modules/chromedriver/lib/chromedriver/Google Chrome for Testing.app/Contents/MacOS/Google Chrome for Testing
[1744977837.055][INFO]: Browser search. Trying... /Users/vasugoel/Documents/BrowserStack Assessments/nightwatch-cucumber-project/node_modules/.bin/Google Chrome for Testing.app/Contents/MacOS/Google Chrome for Testing
[1744977837.055][INFO]: Browser search. Trying... /Users/vasugoel/Documents/BrowserStack Assessments/nightwatch-cucumber-project/node_modules/.bin/Google Chrome for Testing.app/Contents/MacOS/Google Chrome for Testing
[1744977837.055][INFO]: Browser search. Trying... /Users/vasugoel/Documents/BrowserStack Assessments/node_modules/.bin/Google Chrome for Testing.app/Contents/MacOS/Google Chrome for Testing
[1744977837.055][INFO]: Browser search. Trying... /Users/vasugoel/Documents/node_modules/.bin/Google Chrome for Testing.app/Contents/MacOS/Google Chrome for Testing
[1744977837.055][INFO]: Browser search. Trying... /Users/vasugoel/node_modules/.bin/Google Chrome for Testing.app/Contents/MacOS/Google Chrome for Testing
[1744977837.055][INFO]: Browser search. Trying... /Users/node_modules/.bin/Google Chrome for Testing.app/Contents/MacOS/Google Chrome for Testing
[1744977837.055][INFO]: Browser search. Trying... /node_modules/.bin/Google Chrome for Testing.app/Contents/MacOS/Google Chrome for Testing
[1744977837.055][INFO]: Browser search. Trying... /usr/local/lib/node_modules/npm/node_modules/@npmcli/run-script/lib/node-gyp-bin/Google Chrome for Testing.app/Contents/MacOS/Google Chrome for Testing
[1744977837.055][INFO]: Browser search. Trying... /Library/Java/JavaVirtualMachines/jdk-21.jdk/Contents/Home/bin/Google Chrome for Testing.app/Contents/MacOS/Google Chrome for Testing
[1744977837.055][INFO]: Browser search. Trying... /opt/homebrew/bin/Google Chrome for Testing.app/Contents/MacOS/Google Chrome for Testing
[1744977837.055][INFO]: Browser search. Trying... /usr/local/bin/Google Chrome for Testing.app/Contents/MacOS/Google Chrome for Testing
[1744977837.055][INFO]: Browser search. Trying... /System/Cryptexes/App/usr/bin/Google Chrome for Testing.app/Contents/MacOS/Google Chrome for Testing
[1744977837.055][INFO]: Browser search. Trying... /usr/bin/Google Chrome for Testing.app/Contents/MacOS/Google Chrome for Testing
[1744977837.055][INFO]: Browser search. Trying... /bin/Google Chrome for Testing.app/Contents/MacOS/Google Chrome for Testing
[1744977837.055][INFO]: Browser search. Trying... /usr/sbin/Google Chrome for Testing.app/Contents/MacOS/Google Chrome for Testing
[1744977837.055][INFO]: Browser search. Trying... /sbin/Google Chrome for Testing.app/Contents/MacOS/Google Chrome for Testing
[1744977837.055][INFO]: Browser search. Trying... /var/run/com.apple.security.cryptexd/codex.system/bootstrap/usr/local/bin/Google Chrome for Testing.app/Contents/MacOS/Google Chrome for Testing
[1744977837.055][INFO]: Browser search. Trying... /var/run/com.apple.security.cryptexd/codex.system/bootstrap/usr/bin/Google Chrome for Testing.app/Contents/MacOS/Google Chrome for Testing
[1744977837.055][INFO]: Browser search. Trying... /var/run/com.apple.security.cryptexd/codex.system/bootstrap/usr/appleinternal/bin/Google Chrome for Testing.app/Contents/MacOS/Google Chrome for Testing
[1744977837.055][INFO]: Browser search. Trying... /Users/vasugoel/Applications/Google Chrome.app/Contents/MacOS/Google Chrome
[1744977837.055][INFO]: Browser search. Trying... /Applications/Google Chrome.app/Contents/MacOS/Google Chrome
[1744977837.055][INFO]: Browser search. Found at  /Applications/Google Chrome.app/Contents/MacOS/Google Chrome
[1744977837.056][INFO]: Populating Preferences file: {
   "alternate_error_pages": {
      "enabled": false
   },
   "autofill": {
      "enabled": false
   },
   "browser": {
      "check_default_browser": false
   },
   "distribution": {
      "import_bookmarks": false,
      "import_history": false,
      "import_search_engine": false,
      "make_chrome_default_for_user": false,
      "skip_first_run_ui": true
   },
   "dns_prefetching": {
      "enabled": false
   },
   "profile": {
      "content_settings": {
         "pattern_pairs": {
            "https://*,*": {
               "media-stream": {
                  "audio": "Default",
                  "video": "Default"
               }
            }
         }
      },
      "default_content_setting_values": {
         "geolocation": 1
      },
      "default_content_settings": {
         "geolocation": 1,
         "mouselock": 1,
         "notifications": 1,
         "popups": 1,
         "ppapi-broker": 1
      },
      "password_manager_enabled": false
   },
   "safebrowsing": {
      "enabled": false
   },
   "search": {
      "suggest_enabled": false
   },
   "translate": {
      "enabled": false
   }
}
[1744977837.056][INFO]: Populating Local State file: {
   "background_mode": {
      "enabled": false
   },
   "ssl": {
      "rev_checking": {
         "enabled": false
      }
   }
}
[1744977837.057][INFO]: ChromeDriver supports communication with Chrome via pipes. This is more reliable and more secure.
[1744977837.057][INFO]: Use the --remote-debugging-pipe Chrome switch instead of the default --remote-debugging-port to enable this communication mode.
[1744977837.057][INFO]: Launching chrome: /Applications/Google Chrome.app/Contents/MacOS/Google Chrome --allow-pre-commit-input --disable-background-networking --disable-client-side-phishing-detection --disable-default-apps --disable-hang-monitor --disable-popup-blocking --disable-prompt-on-repost --disable-sync --enable-automation --enable-logging=stderr --log-level=0 --no-first-run --no-service-autorun --password-store=basic --remote-debugging-port=0 --test-type=webdriver --use-mock-keychain --user-data-dir=/var/folders/zl/zzx0y36x5rb2m9zg76rfz8l80000gp/T/.org.chromium.Chromium.I8uboN data:,

DevTools listening on ws://127.0.0.1:51061/devtools/browser/c0664372-367a-4fc8-8bde-2733fe4228f0
[1744977837.937][DEBUG]: DevTools HTTP Request: http://localhost:51061/json/version
[1744977838.280][DEBUG]: DevTools HTTP Response: {
   "Browser": "Chrome/135.0.7049.96",
   "Protocol-Version": "1.3",
   "User-Agent": "Mozilla/5.0 (Macintosh; Intel Mac OS X 10_15_7) AppleWebKit/537.36 (KHTML, like Gecko) Chrome/135.0.0.0 Safari/537.36",
   "V8-Version": "13.5.212.10",
   "WebKit-Version": "537.36 (@3504c18e3661c2f9d5de0685ccca27f593ad69c5)",
   "webSocketDebuggerUrl": "ws://localhost:51061/devtools/browser/c0664372-367a-4fc8-8bde-2733fe4228f0"
}

[1744977838.280][DEBUG]: DevTools HTTP Request: http://localhost:51061/json/list
[1744977838.288][DEBUG]: DevTools HTTP Response: [ {
   "description": "",
   "devtoolsFrontendUrl": "https://chrome-devtools-frontend.appspot.com/serve_rev/@3504c18e3661c2f9d5de0685ccca27f593ad69c5/inspector.html?ws=localhost:51061/devtools/page/B6CA9F10457516C8DBA26B0F13A3931A",
   "id": "B6CA9F10457516C8DBA26B0F13A3931A",
   "title": "",
   "type": "page",
   "url": "data:,",
   "webSocketDebuggerUrl": "ws://localhost:51061/devtools/page/B6CA9F10457516C8DBA26B0F13A3931A"
} ]

[1744977838.289][INFO]: resolved localhost to ["::1","127.0.0.1"]
[1744977838.373][DEBUG]: DevTools WebSocket Command: Target.getTargets (id=1) (session_id=) browser {
   "filter": [ {
      "exclude": true,
      "type": "browser"
   }, {
      "exclude": true,
      "type": "page"
   }, {
      "exclude": false
   } ]
}
[1744977838.379][DEBUG]: DevTools WebSocket Response: Target.getTargets (id=1) (session_id=) browser {
   "targetInfos": [ {
      "attached": false,
      "browserContextId": "AB73C6EB82C13D3A795C8028D034F0CE",
      "canAccessOpener": false,
      "targetId": "5B577E9C32BB73F96A3DBEDF8E500A4A",
      "title": "",
      "type": "tab",
      "url": "data:,"
   } ]
}
[1744977838.379][DEBUG]: DevTools WebSocket Command: Target.attachToTarget (id=2) (session_id=) browser {
   "flatten": true,
   "targetId": "5B577E9C32BB73F96A3DBEDF8E500A4A"
}
[1744977838.380][DEBUG]: DevTools WebSocket Event: Target.attachedToTarget (session_id=) browser {
   "sessionId": "44BAA9BAB66C1A3F9BEEBB15DC73D16E",
   "targetInfo": {
      "attached": true,
      "browserContextId": "AB73C6EB82C13D3A795C8028D034F0CE",
      "canAccessOpener": false,
      "targetId": "5B577E9C32BB73F96A3DBEDF8E500A4A",
      "title": "",
      "type": "tab",
      "url": "data:,"
   },
   "waitingForDebugger": false
}
[1744977838.380][DEBUG]: DevTools WebSocket Response: Target.attachToTarget (id=2) (session_id=) browser {
   "sessionId": "44BAA9BAB66C1A3F9BEEBB15DC73D16E"
}
[1744977838.381][DEBUG]: DevTools WebSocket Command: Target.setAutoAttach (id=3) (session_id=44BAA9BAB66C1A3F9BEEBB15DC73D16E) 5B577E9C32BB73F96A3DBEDF8E500A4A {
   "autoAttach": true,
   "flatten": true,
   "waitForDebuggerOnStart": false
}
[1744977838.382][DEBUG]: DevTools WebSocket Event: Target.attachedToTarget (session_id=44BAA9BAB66C1A3F9BEEBB15DC73D16E) 5B577E9C32BB73F96A3DBEDF8E500A4A {
   "sessionId": "AB05EFBB32E2D16330429566E2B949DF",
   "targetInfo": {
      "attached": true,
      "browserContextId": "AB73C6EB82C13D3A795C8028D034F0CE",
      "canAccessOpener": false,
      "targetId": "B6CA9F10457516C8DBA26B0F13A3931A",
      "title": "",
      "type": "page",
      "url": "data:,"
   },
   "waitingForDebugger": false
}
[1744977838.382][DEBUG]: DevTools WebSocket Command: Page.enable (id=4) (session_id=AB05EFBB32E2D16330429566E2B949DF) B6CA9F10457516C8DBA26B0F13A3931A {
}
[1744977838.382][DEBUG]: DevTools WebSocket Command: Page.addScriptToEvaluateOnNewDocument (id=5) (session_id=AB05EFBB32E2D16330429566E2B949DF) B6CA9F10457516C8DBA26B0F13A3931A {
   "source": "(function () {window.cdc_adoQpoasnfa76pfcZLmcfl_Array = window.Array;window.cdc_adoQpoasnfa76pfcZLmcfl_Object = window.Object;window.cdc_adoQpoasnfa76pfcZLmcfl_Promise = window.Promise;window.cdc_a..."
}
[1744977838.382][DEBUG]: DevTools WebSocket Command: Runtime.evaluate (id=6) (session_id=AB05EFBB32E2D16330429566E2B949DF) B6CA9F10457516C8DBA26B0F13A3931A {
   "expression": "(function () {window.cdc_adoQpoasnfa76pfcZLmcfl_Array = window.Array;window.cdc_adoQpoasnfa76pfcZLmcfl_Object = window.Object;window.cdc_adoQpoasnfa76pfcZLmcfl_Promise = window.Promise;window.cdc_a..."
}
[1744977838.382][DEBUG]: DevTools WebSocket Command: Log.enable (id=7) (session_id=AB05EFBB32E2D16330429566E2B949DF) B6CA9F10457516C8DBA26B0F13A3931A {
}
[1744977838.383][DEBUG]: DevTools WebSocket Command: Target.setAutoAttach (id=8) (session_id=AB05EFBB32E2D16330429566E2B949DF) B6CA9F10457516C8DBA26B0F13A3931A {
   "autoAttach": true,
   "flatten": true,
   "waitForDebuggerOnStart": false
}
[1744977838.383][DEBUG]: DevTools WebSocket Response: Target.setAutoAttach (id=3) (session_id=44BAA9BAB66C1A3F9BEEBB15DC73D16E) 5B577E9C32BB73F96A3DBEDF8E500A4A {
}
[1744977838.396][DEBUG]: DevTools WebSocket Response: Page.enable (id=4) (session_id=AB05EFBB32E2D16330429566E2B949DF) B6CA9F10457516C8DBA26B0F13A3931A {
}
[1744977838.399][DEBUG]: DevTools WebSocket Event: Page.domContentEventFired (session_id=AB05EFBB32E2D16330429566E2B949DF) B6CA9F10457516C8DBA26B0F13A3931A {
   "timestamp": 448919.582055
}
[1744977838.399][DEBUG]: DevTools WebSocket Event: Page.loadEventFired (session_id=AB05EFBB32E2D16330429566E2B949DF) B6CA9F10457516C8DBA26B0F13A3931A {
   "timestamp": 448919.582814
}
[1744977838.399][DEBUG]: DevTools WebSocket Event: Page.frameStoppedLoading (session_id=AB05EFBB32E2D16330429566E2B949DF) B6CA9F10457516C8DBA26B0F13A3931A {
   "frameId": "B6CA9F10457516C8DBA26B0F13A3931A"
}
[1744977838.401][DEBUG]: DevTools WebSocket Response: Page.addScriptToEvaluateOnNewDocument (id=5) (session_id=AB05EFBB32E2D16330429566E2B949DF) B6CA9F10457516C8DBA26B0F13A3931A {
   "identifier": "1"
}
[1744977838.401][DEBUG]: DevTools WebSocket Response: Runtime.evaluate (id=6) (session_id=AB05EFBB32E2D16330429566E2B949DF) B6CA9F10457516C8DBA26B0F13A3931A {
   "result": {
      "type": "undefined"
   }
}
[1744977838.401][DEBUG]: DevTools WebSocket Response: Log.enable (id=7) (session_id=AB05EFBB32E2D16330429566E2B949DF) B6CA9F10457516C8DBA26B0F13A3931A {
}
[1744977838.412][DEBUG]: DevTools WebSocket Response: Target.setAutoAttach (id=8) (session_id=AB05EFBB32E2D16330429566E2B949DF) B6CA9F10457516C8DBA26B0F13A3931A {
}
[1744977838.412][DEBUG]: DevTools WebSocket Command: Runtime.enable (id=9) (session_id=AB05EFBB32E2D16330429566E2B949DF) B6CA9F10457516C8DBA26B0F13A3931A {
}
[1744977838.415][DEBUG]: DevTools WebSocket Event: Runtime.executionContextCreated (session_id=AB05EFBB32E2D16330429566E2B949DF) B6CA9F10457516C8DBA26B0F13A3931A {
   "context": {
      "auxData": {
         "frameId": "B6CA9F10457516C8DBA26B0F13A3931A",
         "isDefault": true,
         "type": "default"
      },
      "id": 1,
      "name": "",
      "origin": "://",
      "uniqueId": "-7630409167679798164.-5752873283026613437"
   }
}
[1744977838.415][DEBUG]: DevTools WebSocket Response: Runtime.enable (id=9) (session_id=AB05EFBB32E2D16330429566E2B949DF) B6CA9F10457516C8DBA26B0F13A3931A {
}
[1744977838.415][DEBUG]: DevTools WebSocket Command: Runtime.enable (id=10) (session_id=AB05EFBB32E2D16330429566E2B949DF) B6CA9F10457516C8DBA26B0F13A3931A {
}
[1744977838.415][DEBUG]: DevTools WebSocket Response: Runtime.enable (id=10) (session_id=AB05EFBB32E2D16330429566E2B949DF) B6CA9F10457516C8DBA26B0F13A3931A {
}
[1744977838.415][INFO]: [ee37cfa0bc58cd51f9b7fe744b794ee3] RESPONSE InitSession {
   "capabilities": {
      "acceptInsecureCerts": false,
      "browserName": "chrome",
      "browserVersion": "135.0.7049.96",
      "chrome": {
         "chromedriverVersion": "135.0.7049.42 (0f351bbd2617e0f775543271f34b7d241f8ebcdc-refs/branch-heads/7049@{#1349})",
         "userDataDir": "/var/folders/zl/zzx0y36x5rb2m9zg76rfz8l80000gp/T/.org.chromium.Chromium.I8uboN"
      },
      "fedcm:accounts": true,
      "goog:chromeOptions": {
         "debuggerAddress": "localhost:51061"
      },
      "networkConnectionEnabled": false,
      "pageLoadStrategy": "normal",
      "platformName": "mac",
      "proxy": {
      },
      "setWindowRect": true,
      "strictFileInteractability": false,
      "timeouts": {
         "implicit": 0,
         "pageLoad": 300000,
         "script": 30000
      },
      "unhandledPromptBehavior": "dismiss and notify",
      "webauthn:extension:credBlob": true,
      "webauthn:extension:largeBlob": true,
      "webauthn:extension:minPinLength": true,
      "webauthn:extension:prf": true,
      "webauthn:virtualAuthenticators": true
   },
   "sessionId": "ee37cfa0bc58cd51f9b7fe744b794ee3"
}
[1744977838.425][INFO]: [ee37cfa0bc58cd51f9b7fe744b794ee3] COMMAND Navigate {
   "url": "https://ultimateqa.com/automation"
}
[1744977838.425][INFO]: Waiting for pending navigations...
[1744977838.425][DEBUG]: DevTools WebSocket Command: Runtime.evaluate (id=11) (session_id=AB05EFBB32E2D16330429566E2B949DF) B6CA9F10457516C8DBA26B0F13A3931A {
   "expression": "1"
}
[1744977838.426][DEBUG]: DevTools WebSocket Response: Runtime.evaluate (id=11) (session_id=AB05EFBB32E2D16330429566E2B949DF) B6CA9F10457516C8DBA26B0F13A3931A {
   "result": {
      "description": "1",
      "type": "number",
      "value": 1
   }
}
[1744977838.426][INFO]: Done waiting for pending navigations. Status: ok
[1744977838.426][DEBUG]: DevTools WebSocket Command: Page.navigate (id=12) (session_id=AB05EFBB32E2D16330429566E2B949DF) B6CA9F10457516C8DBA26B0F13A3931A {
   "url": "https://ultimateqa.com/automation"
}
[1744977838.428][DEBUG]: DevTools WebSocket Event: Page.frameStartedNavigating (session_id=AB05EFBB32E2D16330429566E2B949DF) B6CA9F10457516C8DBA26B0F13A3931A {
   "frameId": "B6CA9F10457516C8DBA26B0F13A3931A",
   "loaderId": "790967F9E3301ADC5912190F3D08A499",
   "navigationType": "differentDocument",
   "url": "https://ultimateqa.com/automation"
}
[1744977838.428][DEBUG]: DevTools WebSocket Event: Page.frameStartedLoading (session_id=AB05EFBB32E2D16330429566E2B949DF) B6CA9F10457516C8DBA26B0F13A3931A {
   "frameId": "B6CA9F10457516C8DBA26B0F13A3931A"
}
[1744977840.041][DEBUG]: DevTools WebSocket Response: Page.navigate (id=12) (session_id=AB05EFBB32E2D16330429566E2B949DF) B6CA9F10457516C8DBA26B0F13A3931A {
   "frameId": "B6CA9F10457516C8DBA26B0F13A3931A",
   "loaderId": "790967F9E3301ADC5912190F3D08A499"
}
[1744977840.041][INFO]: Waiting for pending navigations...
[1744977840.042][DEBUG]: DevTools WebSocket Command: Runtime.evaluate (id=13) (session_id=AB05EFBB32E2D16330429566E2B949DF) B6CA9F10457516C8DBA26B0F13A3931A {
   "expression": "1"
}
[1744977840.045][DEBUG]: DevTools WebSocket Event: Runtime.executionContextsCleared (session_id=AB05EFBB32E2D16330429566E2B949DF) B6CA9F10457516C8DBA26B0F13A3931A {
}
[1744977840.047][DEBUG]: DevTools WebSocket Event: Runtime.executionContextsCleared (session_id=AB05EFBB32E2D16330429566E2B949DF) B6CA9F10457516C8DBA26B0F13A3931A {
}
[1744977840.047][DEBUG]: DevTools WebSocket Event: Page.frameNavigated (session_id=AB05EFBB32E2D16330429566E2B949DF) B6CA9F10457516C8DBA26B0F13A3931A {
   "frame": {
      "adFrameStatus": {
         "adFrameType": "none"
      },
      "crossOriginIsolatedContextType": "NotIsolated",
      "domainAndRegistry": "ultimateqa.com",
      "gatedAPIFeatures": [  ],
      "id": "B6CA9F10457516C8DBA26B0F13A3931A",
      "loaderId": "790967F9E3301ADC5912190F3D08A499",
      "mimeType": "text/html",
      "secureContextType": "Secure",
      "securityOrigin": "https://ultimateqa.com",
      "securityOriginDetails": {
         "isLocalhost": false
      },
      "url": "https://ultimateqa.com/automation"
   },
   "type": "Navigation"
}
[1744977840.062][DEBUG]: DevTools WebSocket Event: Runtime.executionContextCreated (session_id=AB05EFBB32E2D16330429566E2B949DF) B6CA9F10457516C8DBA26B0F13A3931A {
   "context": {
      "auxData": {
         "frameId": "B6CA9F10457516C8DBA26B0F13A3931A",
         "isDefault": true,
         "type": "default"
      },
      "id": 1,
      "name": "",
      "origin": "https://ultimateqa.com",
      "uniqueId": "6934098562585193253.-2050583229913633741"
   }
}
[1744977840.064][DEBUG]: DevTools WebSocket Response: Runtime.evaluate (id=13) (session_id=AB05EFBB32E2D16330429566E2B949DF) B6CA9F10457516C8DBA26B0F13A3931A {
   "result": {
      "description": "1",
      "type": "number",
      "value": 1
   }
}
[1744977840.302][DEBUG]: DevTools WebSocket Event: Page.frameResized (session_id=AB05EFBB32E2D16330429566E2B949DF) B6CA9F10457516C8DBA26B0F13A3931A {
}
[1744977840.302][DEBUG]: DevTools WebSocket Event: Page.frameResized (session_id=AB05EFBB32E2D16330429566E2B949DF) B6CA9F10457516C8DBA26B0F13A3931A {
}
[1744977840.302][DEBUG]: DevTools WebSocket Command: Runtime.evaluate (id=14) (session_id=AB05EFBB32E2D16330429566E2B949DF) B6CA9F10457516C8DBA26B0F13A3931A {
   "expression": "1"
}
[1744977840.302][DEBUG]: DevTools WebSocket Response: Runtime.evaluate (id=14) (session_id=AB05EFBB32E2D16330429566E2B949DF) B6CA9F10457516C8DBA26B0F13A3931A {
   "result": {
      "description": "1",
      "type": "number",
      "value": 1
   }
}
[21035:5675980:0418/173400.371610:INFO:CONSOLE(2)] "JQMIGRATE: Migrate is installed, version 3.4.1", source: https://ultimateqa.com/wp-includes/js/jquery/jquery-migrate.min.js?ver=3.4.1 (2)
[1744977840.372][DEBUG]: DevTools WebSocket Event: Runtime.consoleAPICalled (session_id=AB05EFBB32E2D16330429566E2B949DF) B6CA9F10457516C8DBA26B0F13A3931A {
   "args": [ {
      "type": "string",
      "value": "JQMIGRATE: Migrate is installed, version 3.4.1"
   } ],
   "executionContextId": 1,
   "stackTrace": {
      "callFrames": [ {
         "columnNumber": 980,
         "functionName": "",
         "lineNumber": 1,
         "scriptId": "18",
         "url": "https://ultimateqa.com/wp-includes/js/jquery/jquery-migrate.min.js?ver=3.4.1"
      }, {
         "columnNumber": 261,
         "functionName": "",
         "lineNumber": 1,
         "scriptId": "18",
         "url": "https://ultimateqa.com/wp-includes/js/jquery/jquery-migrate.min.js?ver=3.4.1"
      }, {
         "columnNumber": 278,
         "functionName": "",
         "lineNumber": 1,
         "scriptId": "18",
         "url": "https://ultimateqa.com/wp-includes/js/jquery/jquery-migrate.min.js?ver=3.4.1"
      } ]
   },
   "timestamp": 1.744977840371563e+12,
   "type": "log"
}
[1744977840.372][DEBUG]: DevTools WebSocket Command: Runtime.evaluate (id=15) (session_id=AB05EFBB32E2D16330429566E2B949DF) B6CA9F10457516C8DBA26B0F13A3931A {
   "expression": "1"
}
[1744977840.381][DEBUG]: DevTools WebSocket Event: Page.domContentEventFired (session_id=AB05EFBB32E2D16330429566E2B949DF) B6CA9F10457516C8DBA26B0F13A3931A {
   "timestamp": 448921.566145
}
[1744977840.383][DEBUG]: DevTools WebSocket Response: Runtime.evaluate (id=15) (session_id=AB05EFBB32E2D16330429566E2B949DF) B6CA9F10457516C8DBA26B0F13A3931A {
   "result": {
      "description": "1",
      "type": "number",
      "value": 1
   }
}
[1744977840.888][DEBUG]: DevTools WebSocket Event: Page.loadEventFired (session_id=AB05EFBB32E2D16330429566E2B949DF) B6CA9F10457516C8DBA26B0F13A3931A {
   "timestamp": 448922.073397
}
[1744977840.888][DEBUG]: DevTools WebSocket Command: Runtime.evaluate (id=16) (session_id=AB05EFBB32E2D16330429566E2B949DF) B6CA9F10457516C8DBA26B0F13A3931A {
   "awaitPromise": false,
   "expression": "document.readyState",
   "returnByValue": true,
   "uniqueContextId": "6934098562585193253.-2050583229913633741"
}
[1744977840.888][DEBUG]: DevTools WebSocket Event: Page.frameStoppedLoading (session_id=AB05EFBB32E2D16330429566E2B949DF) B6CA9F10457516C8DBA26B0F13A3931A {
   "frameId": "B6CA9F10457516C8DBA26B0F13A3931A"
}
[1744977840.889][DEBUG]: DevTools WebSocket Response: Runtime.evaluate (id=16) (session_id=AB05EFBB32E2D16330429566E2B949DF) B6CA9F10457516C8DBA26B0F13A3931A {
   "result": {
      "type": "string",
      "value": "complete"
   }
}
[1744977840.889][DEBUG]: DevTools WebSocket Command: Runtime.evaluate (id=17) (session_id=AB05EFBB32E2D16330429566E2B949DF) B6CA9F10457516C8DBA26B0F13A3931A {
   "expression": "1"
}
[1744977840.889][DEBUG]: DevTools WebSocket Response: Runtime.evaluate (id=17) (session_id=AB05EFBB32E2D16330429566E2B949DF) B6CA9F10457516C8DBA26B0F13A3931A {
   "result": {
      "description": "1",
      "type": "number",
      "value": 1
   }
}
[1744977840.889][INFO]: Done waiting for pending navigations. Status: ok
[1744977840.889][INFO]: [ee37cfa0bc58cd51f9b7fe744b794ee3] RESPONSE Navigate
[1744977840.896][INFO]: [ee37cfa0bc58cd51f9b7fe744b794ee3] COMMAND GetTitle {
}
[1744977840.896][INFO]: Waiting for pending navigations...
[1744977840.896][DEBUG]: DevTools WebSocket Command: Runtime.evaluate (id=18) (session_id=AB05EFBB32E2D16330429566E2B949DF) B6CA9F10457516C8DBA26B0F13A3931A {
   "expression": "1"
}
[1744977840.897][DEBUG]: DevTools WebSocket Response: Runtime.evaluate (id=18) (session_id=AB05EFBB32E2D16330429566E2B949DF) B6CA9F10457516C8DBA26B0F13A3931A {
   "result": {
      "description": "1",
      "type": "number",
      "value": 1
   }
}
[1744977840.897][INFO]: Done waiting for pending navigations. Status: ok
[1744977840.897][DEBUG]: DevTools WebSocket Command: Page.getFrameTree (id=19) (session_id=AB05EFBB32E2D16330429566E2B949DF) B6CA9F10457516C8DBA26B0F13A3931A {
}
[1744977840.897][DEBUG]: DevTools WebSocket Response: Page.getFrameTree (id=19) (session_id=AB05EFBB32E2D16330429566E2B949DF) B6CA9F10457516C8DBA26B0F13A3931A {
   "frameTree": {
      "frame": {
         "adFrameStatus": {
            "adFrameType": "none"
         },
         "crossOriginIsolatedContextType": "NotIsolated",
         "domainAndRegistry": "ultimateqa.com",
         "gatedAPIFeatures": [  ],
         "id": "B6CA9F10457516C8DBA26B0F13A3931A",
         "loaderId": "790967F9E3301ADC5912190F3D08A499",
         "mimeType": "text/html",
         "secureContextType": "Secure",
         "securityOrigin": "https://ultimateqa.com",
         "securityOriginDetails": {
            "isLocalhost": false
         },
         "url": "https://ultimateqa.com/automation"
      }
   }
}
[1744977840.897][DEBUG]: DevTools WebSocket Command: Page.getFrameTree (id=20) (session_id=AB05EFBB32E2D16330429566E2B949DF) B6CA9F10457516C8DBA26B0F13A3931A {
}
[1744977840.897][DEBUG]: DevTools WebSocket Response: Page.getFrameTree (id=20) (session_id=AB05EFBB32E2D16330429566E2B949DF) B6CA9F10457516C8DBA26B0F13A3931A {
   "frameTree": {
      "frame": {
         "adFrameStatus": {
            "adFrameType": "none"
         },
         "crossOriginIsolatedContextType": "NotIsolated",
         "domainAndRegistry": "ultimateqa.com",
         "gatedAPIFeatures": [  ],
         "id": "B6CA9F10457516C8DBA26B0F13A3931A",
         "loaderId": "790967F9E3301ADC5912190F3D08A499",
         "mimeType": "text/html",
         "secureContextType": "Secure",
         "securityOrigin": "https://ultimateqa.com",
         "securityOriginDetails": {
            "isLocalhost": false
         },
         "url": "https://ultimateqa.com/automation"
      }
   }
}
[1744977840.898][DEBUG]: DevTools WebSocket Command: Runtime.callFunctionOn (id=21) (session_id=AB05EFBB32E2D16330429566E2B949DF) B6CA9F10457516C8DBA26B0F13A3931A {
   "arguments": [  ],
   "awaitPromise": true,
   "functionDeclaration": "function(){ return (function() { // Copyright 2012 The Chromium Authors\n// Use of this source code is governed by a BSD-style license that can be\n// found in the LICENSE file.\n\n/**\n * Enum for WebD...",
   "serializationOptions": {
      "serialization": "deep"
   },
   "uniqueContextId": "6934098562585193253.-2050583229913633741"
}
[1744977840.901][DEBUG]: DevTools WebSocket Response: Runtime.callFunctionOn (id=21) (session_id=AB05EFBB32E2D16330429566E2B949DF) B6CA9F10457516C8DBA26B0F13A3931A {
   "result": {
      "className": "Array",
      "deepSerializedValue": {
         "type": "array",
         "value": [ {
            "type": "string",
            "value": "{\"status\":0,\"value\":\"Automation Practice - Ultimate QA\"}"
         } ]
      },
      "description": "Array(1)",
      "objectId": "-4374113534182405852.1.1",
      "subtype": "array",
      "type": "object"
   }
}
[1744977840.901][INFO]: Waiting for pending navigations...
[1744977840.901][DEBUG]: DevTools WebSocket Command: Runtime.evaluate (id=22) (session_id=AB05EFBB32E2D16330429566E2B949DF) B6CA9F10457516C8DBA26B0F13A3931A {
   "expression": "1"
}
[1744977840.902][DEBUG]: DevTools WebSocket Response: Runtime.evaluate (id=22) (session_id=AB05EFBB32E2D16330429566E2B949DF) B6CA9F10457516C8DBA26B0F13A3931A {
   "result": {
      "description": "1",
      "type": "number",
      "value": 1
   }
}
[1744977840.902][INFO]: Done waiting for pending navigations. Status: ok
[1744977840.902][INFO]: [ee37cfa0bc58cd51f9b7fe744b794ee3] RESPONSE GetTitle "Automation Practice - Ultimate QA"
[1744977843.917][INFO]: [ee37cfa0bc58cd51f9b7fe744b794ee3] COMMAND FindElements {
   "using": "css selector",
   "value": "div[class*=\"specialty_column\"] a"
}
[1744977843.917][INFO]: Waiting for pending navigations...
[1744977843.917][DEBUG]: DevTools WebSocket Command: Runtime.evaluate (id=23) (session_id=AB05EFBB32E2D16330429566E2B949DF) B6CA9F10457516C8DBA26B0F13A3931A {
   "expression": "1"
}
[1744977843.918][DEBUG]: DevTools WebSocket Response: Runtime.evaluate (id=23) (session_id=AB05EFBB32E2D16330429566E2B949DF) B6CA9F10457516C8DBA26B0F13A3931A {
   "result": {
      "description": "1",
      "type": "number",
      "value": 1
   }
}
[1744977843.918][INFO]: Done waiting for pending navigations. Status: ok
[1744977843.918][DEBUG]: DevTools WebSocket Command: Page.getFrameTree (id=24) (session_id=AB05EFBB32E2D16330429566E2B949DF) B6CA9F10457516C8DBA26B0F13A3931A {
}
[1744977843.919][DEBUG]: DevTools WebSocket Response: Page.getFrameTree (id=24) (session_id=AB05EFBB32E2D16330429566E2B949DF) B6CA9F10457516C8DBA26B0F13A3931A {
   "frameTree": {
      "frame": {
         "adFrameStatus": {
            "adFrameType": "none"
         },
         "crossOriginIsolatedContextType": "NotIsolated",
         "domainAndRegistry": "ultimateqa.com",
         "gatedAPIFeatures": [  ],
         "id": "B6CA9F10457516C8DBA26B0F13A3931A",
         "loaderId": "790967F9E3301ADC5912190F3D08A499",
         "mimeType": "text/html",
         "secureContextType": "Secure",
         "securityOrigin": "https://ultimateqa.com",
         "securityOriginDetails": {
            "isLocalhost": false
         },
         "url": "https://ultimateqa.com/automation"
      }
   }
}
[1744977843.919][DEBUG]: DevTools WebSocket Command: Page.getFrameTree (id=25) (session_id=AB05EFBB32E2D16330429566E2B949DF) B6CA9F10457516C8DBA26B0F13A3931A {
}
[1744977843.920][DEBUG]: DevTools WebSocket Response: Page.getFrameTree (id=25) (session_id=AB05EFBB32E2D16330429566E2B949DF) B6CA9F10457516C8DBA26B0F13A3931A {
   "frameTree": {
      "frame": {
         "adFrameStatus": {
            "adFrameType": "none"
         },
         "crossOriginIsolatedContextType": "NotIsolated",
         "domainAndRegistry": "ultimateqa.com",
         "gatedAPIFeatures": [  ],
         "id": "B6CA9F10457516C8DBA26B0F13A3931A",
         "loaderId": "790967F9E3301ADC5912190F3D08A499",
         "mimeType": "text/html",
         "secureContextType": "Secure",
         "securityOrigin": "https://ultimateqa.com",
         "securityOriginDetails": {
            "isLocalhost": false
         },
         "url": "https://ultimateqa.com/automation"
      }
   }
}
[1744977843.921][DEBUG]: DevTools WebSocket Command: Runtime.callFunctionOn (id=26) (session_id=AB05EFBB32E2D16330429566E2B949DF) B6CA9F10457516C8DBA26B0F13A3931A {
   "arguments": [  ],
   "awaitPromise": true,
   "functionDeclaration": "function(){ return (function() { // Copyright 2012 The Chromium Authors\n// Use of this source code is governed by a BSD-style license that can be\n// found in the LICENSE file.\n\n/**\n * Enum for WebD...",
   "serializationOptions": {
      "serialization": "deep"
   },
   "uniqueContextId": "6934098562585193253.-2050583229913633741"
}
[1744977843.930][DEBUG]: DevTools WebSocket Response: Runtime.callFunctionOn (id=26) (session_id=AB05EFBB32E2D16330429566E2B949DF) B6CA9F10457516C8DBA26B0F13A3931A {
   "result": {
      "className": "Array",
      "deepSerializedValue": {
         "type": "array",
         "value": [ {
            "type": "string",
            "value": "{\"status\":0,\"value\":[{\"element-6066-11e4-a52e-4f735466cecf\":0},{\"element-6066-11e4-a52e-4f735466cecf\":1},{\"element-6066-11e4-a52e-4f735466cecf\":2},{\"element-6066-11e4-a52e-4f735466cecf\":3},{\"elemen..."
         }, {
            "type": "node",
            "value": {
               "attributes": {
                  "href": "../complicated-page"
               },
               "backendNodeId": 80,
               "childNodeCount": 1,
               "loaderId": "790967F9E3301ADC5912190F3D08A499",
               "localName": "a",
               "namespaceURI": "http://www.w3.org/1999/xhtml",
               "nodeType": 1,
               "shadowRoot": null
            }
         }, {
            "type": "node",
            "value": {
               "attributes": {
                  "href": "../fake-landing-page"
               },
               "backendNodeId": 81,
               "childNodeCount": 1,
               "loaderId": "790967F9E3301ADC5912190F3D08A499",
               "localName": "a",
               "namespaceURI": "http://www.w3.org/1999/xhtml",
               "nodeType": 1,
               "shadowRoot": null
            }
         }, {
            "type": "node",
            "value": {
               "attributes": {
                  "href": "../fake-pricing-page"
               },
               "backendNodeId": 82,
               "childNodeCount": 1,
               "loaderId": "790967F9E3301ADC5912190F3D08A499",
               "localName": "a",
               "namespaceURI": "http://www.w3.org/1999/xhtml",
               "nodeType": 1,
               "shadowRoot": null
            }
         }, {
            "type": "node",
            "value": {
               "attributes": {
                  "href": "https://ultimateqa.com/filling-out-forms/"
               },
               "backendNodeId": 83,
               "childNodeCount": 1,
               "loaderId": "790967F9E3301ADC5912190F3D08A499",
               "localName": "a",
               "namespaceURI": "http://www.w3.org/1999/xhtml",
               "nodeType": 1,
               "shadowRoot": null
            }
         }, {
            "type": "node",
            "value": {
               "attributes": {
                  "href": "https://ultimateqa.com/sample-application-lifecycle-sprint-1/"
               },
               "backendNodeId": 84,
               "childNodeCount": 1,
               "loaderId": "790967F9E3301ADC5912190F3D08A499",
               "localName": "a",
               "namespaceURI": "http://www.w3.org/1999/xhtml",
               "nodeType": 1,
               "shadowRoot": null
            }
         }, {
            "type": "node",
            "value": {
               "attributes": {
                  "href": "http://courses.ultimateqa.com/users/sign_in"
               },
               "backendNodeId": 85,
               "childNodeCount": 1,
               "loaderId": "790967F9E3301ADC5912190F3D08A499",
               "localName": "a",
               "namespaceURI": "http://www.w3.org/1999/xhtml",
               "nodeType": 1,
               "shadowRoot": null
            }
         }, {
            "type": "node",
            "value": {
               "attributes": {
                  "href": "../simple-html-elements-for-automation/"
               },
               "backendNodeId": 86,
               "childNodeCount": 1,
               "loaderId": "790967F9E3301ADC5912190F3D08A499",
               "localName": "a",
               "namespaceURI": "http://www.w3.org/1999/xhtml",
               "nodeType": 1,
               "shadowRoot": null
            }
         } ]
      },
      "description": "Array(8)",
      "objectId": "-4374113534182405852.1.2",
      "subtype": "array",
      "type": "object"
   }
}
[1744977843.930][INFO]: Waiting for pending navigations...
[1744977843.930][DEBUG]: DevTools WebSocket Command: Runtime.evaluate (id=27) (session_id=AB05EFBB32E2D16330429566E2B949DF) B6CA9F10457516C8DBA26B0F13A3931A {
   "expression": "1"
}
[1744977843.930][DEBUG]: DevTools WebSocket Response: Runtime.evaluate (id=27) (session_id=AB05EFBB32E2D16330429566E2B949DF) B6CA9F10457516C8DBA26B0F13A3931A {
   "result": {
      "description": "1",
      "type": "number",
      "value": 1
   }
}
[1744977843.930][INFO]: Done waiting for pending navigations. Status: ok
[1744977843.930][INFO]: [ee37cfa0bc58cd51f9b7fe744b794ee3] RESPONSE FindElements [ {
   "element-6066-11e4-a52e-4f735466cecf": "f.B6CA9F10457516C8DBA26B0F13A3931A.d.790967F9E3301ADC5912190F3D08A499.e.80"
}, {
   "element-6066-11e4-a52e-4f735466cecf": "f.B6CA9F10457516C8DBA26B0F13A3931A.d.790967F9E3301ADC5912190F3D08A499.e.81"
}, {
   "element-6066-11e4-a52e-4f735466cecf": "f.B6CA9F10457516C8DBA26B0F13A3931A.d.790967F9E3301ADC5912190F3D08A499.e.82"
}, {
   "element-6066-11e4-a52e-4f735466cecf": "f.B6CA9F10457516C8DBA26B0F13A3931A.d.790967F9E3301ADC5912190F3D08A499.e.83"
}, {
   "element-6066-11e4-a52e-4f735466cecf": "f.B6CA9F10457516C8DBA26B0F13A3931A.d.790967F9E3301ADC5912190F3D08A499.e.84"
}, {
   "element-6066-11e4-a52e-4f735466cecf": "f.B6CA9F10457516C8DBA26B0F13A3931A.d.790967F9E3301ADC5912190F3D08A499.e.85"
}, {
   "element-6066-11e4-a52e-4f735466cecf": "f.B6CA9F10457516C8DBA26B0F13A3931A.d.790967F9E3301ADC5912190F3D08A499.e.86"
} ]
[1744977843.937][INFO]: [ee37cfa0bc58cd51f9b7fe744b794ee3] COMMAND ExecuteScript {
   "args": [ {
      "ELEMENT": "f.B6CA9F10457516C8DBA26B0F13A3931A.d.790967F9E3301ADC5912190F3D08A499.e.80",
      "element-6066-11e4-a52e-4f735466cecf": "f.B6CA9F10457516C8DBA26B0F13A3931A.d.790967F9E3301ADC5912190F3D08A499.e.80"
   }, "href" ],
   "script": "/* getAttribute */return (function(){return (function(){var d=this||self;function f(a,b){function c(){}c.prototype=b.prototype;a.prototype=new c;a.prototype.constructor=a};var h=Array.prototype.indexOf?function(a,b){return Array.prototype.indexOf.call(a,b,void 0)}:function(a,b){if(\"string\"===typeof a)return\"string\"!==typeof b||1!=b.length?-1:a.indexOf(b,0);for(var c=0;c\u003Ca.length;c++)if(c in a&&a[c]===b)return c;return-1},k=Array.prototype.forEach?function(a,b){Array.prototype.forEach.call(a,b,void 0)}:function(a,b){for(var c=a.length,e=\"string\"===typeof a?a.split(\"\"):a,g=0;g\u003Cc;g++)g in e&&b.call(void 0,e[g],g,a)};function l(a,b){this.code=a;this.a=m[a]||n;this.message=b||\"\";a=this.a.replace(/((?:^|\\s+)[a-z])/g,function(c){return c.toUpperCase().replace(/^[\\s\\xa0]+/g,\"\")});b=a.length-5;if(0>b||a.indexOf(\"Error\",b)!=b)a+=\"Error\";this.name=a;a=Error(this.message);a.name=this.name;this.stack=a.stack||\"\"}f(l,Error);var n=\"unknown error\",m={15:\"element not selectable\",11:\"element not visible\"};m[31]=n;m[30]=n;m[24]=\"invalid cookie domain\";m[29]=\"invalid element coordinates\";m[12]=\"invalid element state\";m[32]=\"invalid selector\";\nm[51]=\"invalid selector\";m[52]=\"invalid selector\";m[17]=\"javascript error\";m[405]=\"unsupported operation\";m[34]=\"move target out of bounds\";m[27]=\"no such alert\";m[7]=\"no such element\";m[8]=\"no such frame\";m[23]=\"no such window\";m[28]=\"script timeout\";m[33]=\"session not created\";m[10]=\"stale element reference\";m[21]=\"timeout\";m[25]=\"unable to set cookie\";m[26]=\"unexpected alert open\";m[13]=n;m[9]=\"unknown command\";var p;a:{var q=d.navigator;if(q){var r=q.userAgent;if(r){p=r;break a}}p=\"\"}function t(a){return-1!=p.indexOf(a)};function u(){return t(\"Firefox\")||t(\"FxiOS\")}function v(){return(t(\"Chrome\")||t(\"CriOS\"))&&!t(\"Edge\")};function w(){return t(\"iPhone\")&&!t(\"iPod\")&&!t(\"iPad\")};var y=t(\"Opera\"),z=t(\"Trident\")||t(\"MSIE\"),A=t(\"Edge\"),B=t(\"Gecko\")&&!(-1!=p.toLowerCase().indexOf(\"webkit\")&&!t(\"Edge\"))&&!(t(\"Trident\")||t(\"MSIE\"))&&!t(\"Edge\"),C=-1!=p.toLowerCase().indexOf(\"webkit\")&&!t(\"Edge\");function D(){var a=d.document;return a?a.documentMode:void 0}var E;\na:{var F=\"\",G=function(){var a=p;if(B)return/rv:([^\\);]+)(\\)|;)/.exec(a);if(A)return/Edge\\/([\\d\\.]+)/.exec(a);if(z)return/\\b(?:MSIE|rv)[: ]([^\\);]+)(\\)|;)/.exec(a);if(C)return/WebKit\\/(\\S+)/.exec(a);if(y)return/(?:Version)[ \\/]?(\\S+)/.exec(a)}();G&&(F=G?G[1]:\"\");if(z){var H=D();if(null!=H&&H>parseFloat(F)){E=String(H);break a}}E=F}var I;I=d.document&&z?D():void 0;var J=u(),K=w()||t(\"iPod\"),L=t(\"iPad\"),M=t(\"Android\")&&!(v()||u()||t(\"Opera\")||t(\"Silk\")),N=v(),aa=t(\"Safari\")&&!(v()||t(\"Coast\")||t(\"Opera\")||t(\"Edge\")||t(\"Edg/\")||t(\"OPR\")||u()||t(\"Silk\")||t(\"Android\"))&&!(w()||t(\"iPad\")||t(\"iPod\"));function O(a){return(a=a.exec(p))?a[1]:\"\"}(function(){if(J)return O(/Firefox\\/([0-9.]+)/);if(z||A||y)return E;if(N)return w()||t(\"iPad\")||t(\"iPod\")?O(/CriOS\\/([0-9.]+)/):O(/Chrome\\/([0-9.]+)/);if(aa&&!(w()||t(\"iPad\")||t(\"iPod\")))return O(/Version\\/([0-9.]+)/);if(K||L){var a=/Version\\/(\\S+).*Mobile\\/(\\S+)/.exec(p);if(a)return a[1]+\".\"+a[2]}else if(M)return(a=O(/Android\\s+([0-9.]+)/))?a:O(/Version\\/([0-9.]+)/);return\"\"})();var P=z&&!(8\u003C=Number(I)),ba=z&&!(9\u003C=Number(I));var ca={SCRIPT:1,STYLE:1,HEAD:1,IFRAME:1,OBJECT:1},Q={IMG:\" \",BR:\"\\n\"};function R(a,b,c){if(!(a.nodeName in ca))if(3==a.nodeType)c?b.push(String(a.nodeValue).replace(/(\\r\\n|\\r|\\n)/g,\"\")):b.push(a.nodeValue);else if(a.nodeName in Q)b.push(Q[a.nodeName]);else for(a=a.firstChild;a;)R(a,b,c),a=a.nextSibling};function S(a,b){b=b.toLowerCase();return\"style\"==b?da(a.style.cssText):P&&\"value\"==b&&T(a,\"INPUT\")?a.value:ba&&!0===a[b]?String(a.getAttribute(b)):(a=a.getAttributeNode(b))&&a.specified?a.value:null}var ea=/[;]+(?=(?:(?:[^\"]*\"){2})*[^\"]*$)(?=(?:(?:[^']*'){2})*[^']*$)(?=(?:[^()]*\\([^()]*\\))*[^()]*$)/;\nfunction da(a){var b=[];k(a.split(ea),function(c){var e=c.indexOf(\":\");0\u003Ce&&(c=[c.slice(0,e),c.slice(e+1)],2==c.length&&b.push(c[0].toLowerCase(),\":\",c[1],\";\"))});b=b.join(\"\");return b=\";\"==b.charAt(b.length-1)?b:b+\";\"}function U(a,b){P&&\"value\"==b&&T(a,\"OPTION\")&&null===S(a,\"value\")?(b=[],R(a,b,!1),a=b.join(\"\")):a=a[b];return a}\nfunction T(a,b){b&&\"string\"!==typeof b&&(b=b.toString());return a instanceof HTMLFormElement?!!a&&1==a.nodeType&&(!b||\"FORM\"==b):!!a&&1==a.nodeType&&(!b||a.tagName.toUpperCase()==b)}function V(a){return T(a,\"OPTION\")?!0:T(a,\"INPUT\")?(a=a.type.toLowerCase(),\"checkbox\"==a||\"radio\"==a):!1};var fa={\"class\":\"className\",readonly:\"readOnly\"},ha=\"allowfullscreen allowpaymentrequest allowusermedia async autofocus autoplay checked compact complete controls declare default defaultchecked defaultselected defer disabled ended formnovalidate hidden indeterminate iscontenteditable ismap itemscope loop multiple muted nohref nomodule noresize noshade novalidate nowrap open paused playsinline pubdate readonly required reversed scoped seamless seeking selected truespeed typemustmatch willvalidate\".split(\" \");function W(a,b){var c=null,e=b.toLowerCase();if(\"style\"==e)return(c=a.style)&&\"string\"!=typeof c&&(c=c.cssText),c;if((\"selected\"==e||\"checked\"==e)&&V(a)){if(!V(a))throw new l(15,\"Element is not selectable\");b=\"selected\";c=a.type&&a.type.toLowerCase();if(\"checkbox\"==c||\"radio\"==c)b=\"checked\";return U(a,b)?\"true\":null}var g=T(a,\"A\");if(T(a,\"IMG\")&&\"src\"==e||g&&\"href\"==e)return(c=S(a,e))&&(c=U(a,e)),c;if(\"spellcheck\"==e){c=S(a,e);if(null!==c){if(\"false\"==c.toLowerCase())return\"false\";if(\"true\"==c.toLowerCase())return\"true\"}return U(a,\ne)+\"\"}g=fa[b]||b;if(0\u003C=h(ha,e))return(c=null!==S(a,b)||U(a,g))?\"true\":null;try{var x=U(a,g)}catch(ia){}(e=null==x)||(e=typeof x,e=\"object\"==e&&null!=x||\"function\"==e);e?c=S(a,b):c=x;return null!=c?c.toString():null}var X=[\"_\"],Y=d;X[0]in Y||\"undefined\"==typeof Y.execScript||Y.execScript(\"var \"+X[0]);for(var Z;X.length&&(Z=X.shift());)X.length||void 0===W?Y[Z]&&Y[Z]!==Object.prototype[Z]?Y=Y[Z]:Y=Y[Z]={}:Y[Z]=W;; return this._.apply(null,arguments);}).apply({navigator:typeof window!='undefined'?window.navigator:null,document:typeof window!='undefined'?window.document:null}, arguments);}).apply(null, arguments)"
}
[1744977843.937][INFO]: Waiting for pending navigations...
[1744977843.937][DEBUG]: DevTools WebSocket Command: Runtime.evaluate (id=28) (session_id=AB05EFBB32E2D16330429566E2B949DF) B6CA9F10457516C8DBA26B0F13A3931A {
   "expression": "1"
}
[1744977843.937][DEBUG]: DevTools WebSocket Response: Runtime.evaluate (id=28) (session_id=AB05EFBB32E2D16330429566E2B949DF) B6CA9F10457516C8DBA26B0F13A3931A {
   "result": {
      "description": "1",
      "type": "number",
      "value": 1
   }
}
[1744977843.937][INFO]: Done waiting for pending navigations. Status: ok
[1744977843.937][DEBUG]: DevTools WebSocket Command: Page.getFrameTree (id=29) (session_id=AB05EFBB32E2D16330429566E2B949DF) B6CA9F10457516C8DBA26B0F13A3931A {
}
[1744977843.938][DEBUG]: DevTools WebSocket Response: Page.getFrameTree (id=29) (session_id=AB05EFBB32E2D16330429566E2B949DF) B6CA9F10457516C8DBA26B0F13A3931A {
   "frameTree": {
      "frame": {
         "adFrameStatus": {
            "adFrameType": "none"
         },
         "crossOriginIsolatedContextType": "NotIsolated",
         "domainAndRegistry": "ultimateqa.com",
         "gatedAPIFeatures": [  ],
         "id": "B6CA9F10457516C8DBA26B0F13A3931A",
         "loaderId": "790967F9E3301ADC5912190F3D08A499",
         "mimeType": "text/html",
         "secureContextType": "Secure",
         "securityOrigin": "https://ultimateqa.com",
         "securityOriginDetails": {
            "isLocalhost": false
         },
         "url": "https://ultimateqa.com/automation"
      }
   }
}
[1744977843.938][DEBUG]: DevTools WebSocket Command: DOM.resolveNode (id=30) (session_id=AB05EFBB32E2D16330429566E2B949DF) B6CA9F10457516C8DBA26B0F13A3931A {
   "backendNodeId": 80,
   "objectGroup": "8572a17c-8ffd-4365-9bae-21cb5f41c2ed"
}
[1744977843.939][DEBUG]: DevTools WebSocket Response: DOM.resolveNode (id=30) (session_id=AB05EFBB32E2D16330429566E2B949DF) B6CA9F10457516C8DBA26B0F13A3931A {
   "object": {
      "className": "HTMLAnchorElement",
      "description": "a",
      "objectId": "-4374113534182405852.1.3",
      "subtype": "node",
      "type": "object"
   }
}
[1744977843.939][DEBUG]: DevTools WebSocket Command: Page.getFrameTree (id=31) (session_id=AB05EFBB32E2D16330429566E2B949DF) B6CA9F10457516C8DBA26B0F13A3931A {
}
[1744977843.939][DEBUG]: DevTools WebSocket Response: Page.getFrameTree (id=31) (session_id=AB05EFBB32E2D16330429566E2B949DF) B6CA9F10457516C8DBA26B0F13A3931A {
   "frameTree": {
      "frame": {
         "adFrameStatus": {
            "adFrameType": "none"
         },
         "crossOriginIsolatedContextType": "NotIsolated",
         "domainAndRegistry": "ultimateqa.com",
         "gatedAPIFeatures": [  ],
         "id": "B6CA9F10457516C8DBA26B0F13A3931A",
         "loaderId": "790967F9E3301ADC5912190F3D08A499",
         "mimeType": "text/html",
         "secureContextType": "Secure",
         "securityOrigin": "https://ultimateqa.com",
         "securityOriginDetails": {
            "isLocalhost": false
         },
         "url": "https://ultimateqa.com/automation"
      }
   }
}
[1744977843.940][DEBUG]: DevTools WebSocket Command: Runtime.callFunctionOn (id=32) (session_id=AB05EFBB32E2D16330429566E2B949DF) B6CA9F10457516C8DBA26B0F13A3931A {
   "arguments": [ {
      "objectId": "-4374113534182405852.1.3"
   } ],
   "awaitPromise": true,
   "functionDeclaration": "function(){ return (function() { // Copyright 2012 The Chromium Authors\n// Use of this source code is governed by a BSD-style license that can be\n// found in the LICENSE file.\n\n/**\n * Enum for WebD...",
   "objectGroup": "8572a17c-8ffd-4365-9bae-21cb5f41c2ed",
   "serializationOptions": {
      "serialization": "deep"
   },
   "uniqueContextId": "6934098562585193253.-2050583229913633741"
}
[1744977843.943][DEBUG]: DevTools WebSocket Response: Runtime.callFunctionOn (id=32) (session_id=AB05EFBB32E2D16330429566E2B949DF) B6CA9F10457516C8DBA26B0F13A3931A {
   "result": {
      "className": "Array",
      "deepSerializedValue": {
         "type": "array",
         "value": [ {
            "type": "string",
            "value": "{\"status\":0,\"value\":\"https://ultimateqa.com/complicated-page\"}"
         } ]
      },
      "description": "Array(1)",
      "objectId": "-4374113534182405852.1.4",
      "subtype": "array",
      "type": "object"
   }
}
[1744977843.943][DEBUG]: DevTools WebSocket Command: Runtime.releaseObjectGroup (id=33) (session_id=AB05EFBB32E2D16330429566E2B949DF) B6CA9F10457516C8DBA26B0F13A3931A {
   "objectGroup": "8572a17c-8ffd-4365-9bae-21cb5f41c2ed"
}
[1744977843.943][INFO]: Waiting for pending navigations...
[1744977843.943][DEBUG]: DevTools WebSocket Command: Runtime.evaluate (id=34) (session_id=AB05EFBB32E2D16330429566E2B949DF) B6CA9F10457516C8DBA26B0F13A3931A {
   "expression": "1"
}
[1744977843.943][DEBUG]: DevTools WebSocket Response: Runtime.releaseObjectGroup (id=33) (session_id=AB05EFBB32E2D16330429566E2B949DF) B6CA9F10457516C8DBA26B0F13A3931A {
}
[1744977843.943][DEBUG]: DevTools WebSocket Response: Runtime.evaluate (id=34) (session_id=AB05EFBB32E2D16330429566E2B949DF) B6CA9F10457516C8DBA26B0F13A3931A {
   "result": {
      "description": "1",
      "type": "number",
      "value": 1
   }
}
[1744977843.943][INFO]: Done waiting for pending navigations. Status: ok
[1744977843.943][INFO]: [ee37cfa0bc58cd51f9b7fe744b794ee3] RESPONSE ExecuteScript "https://ultimateqa.com/complicated-page"
[1744977843.946][INFO]: [ee37cfa0bc58cd51f9b7fe744b794ee3] COMMAND Navigate {
   "url": "https://ultimateqa.com/complicated-page"
}
[1744977843.946][INFO]: Waiting for pending navigations...
[1744977843.946][DEBUG]: DevTools WebSocket Command: Runtime.evaluate (id=35) (session_id=AB05EFBB32E2D16330429566E2B949DF) B6CA9F10457516C8DBA26B0F13A3931A {
   "expression": "1"
}
[1744977843.946][DEBUG]: DevTools WebSocket Response: Runtime.evaluate (id=35) (session_id=AB05EFBB32E2D16330429566E2B949DF) B6CA9F10457516C8DBA26B0F13A3931A {
   "result": {
      "description": "1",
      "type": "number",
      "value": 1
   }
}
[1744977843.946][INFO]: Done waiting for pending navigations. Status: ok
[1744977843.946][DEBUG]: DevTools WebSocket Command: Page.navigate (id=36) (session_id=AB05EFBB32E2D16330429566E2B949DF) B6CA9F10457516C8DBA26B0F13A3931A {
   "url": "https://ultimateqa.com/complicated-page"
}
[1744977843.948][DEBUG]: DevTools WebSocket Event: Page.frameStartedNavigating (session_id=AB05EFBB32E2D16330429566E2B949DF) B6CA9F10457516C8DBA26B0F13A3931A {
   "frameId": "B6CA9F10457516C8DBA26B0F13A3931A",
   "loaderId": "18365E9A661D662B924702BE68D58A8E",
   "navigationType": "differentDocument",
   "url": "https://ultimateqa.com/complicated-page"
}
[1744977843.949][DEBUG]: DevTools WebSocket Event: Page.frameStartedLoading (session_id=AB05EFBB32E2D16330429566E2B949DF) B6CA9F10457516C8DBA26B0F13A3931A {
   "frameId": "B6CA9F10457516C8DBA26B0F13A3931A"
}
[21035:5675980:0418/173404.138153:ERROR:policy_conversions_client.cc(315)] CloudProfileReportingEnabled has an error of type: Ignored because the policy can only be set as a cloud user policy.
[21035:5675980:0418/173404.138191:ERROR:policy_conversions_client.cc(315)] EnterpriseCustomLabel has an error of type: Ignored because the policy can only be set as a cloud user policy.
[21035:5675980:0418/173404.138199:ERROR:policy_conversions_client.cc(315)] EnterpriseLogoUrl has an error of type: Ignored because the policy can only be set as a cloud user policy.
[21035:5675980:0418/173404.366949:INFO:CONSOLE(1)] "sniply init called", source: https://ultimateqa.com/wp-content/cache/min/1/site/638e222f41a4249eb4c09456.js?ver=1732876562 (1)
[21035:5675980:0418/173404.366978:INFO:CONSOLE(1)] "Unexpected CTA position value: ", source: https://ultimateqa.com/wp-content/cache/min/1/site/638e222f41a4249eb4c09456.js?ver=1732876562 (1)
[1744977844.367][DEBUG]: DevTools WebSocket Event: Runtime.consoleAPICalled (session_id=AB05EFBB32E2D16330429566E2B949DF) B6CA9F10457516C8DBA26B0F13A3931A {
   "args": [ {
      "type": "string",
      "value": "sniply init called"
   } ],
   "executionContextId": 1,
   "stackTrace": {
      "callFrames": [ {
         "columnNumber": 1007,
         "functionName": "init",
         "lineNumber": 0,
         "scriptId": "41",
         "url": "https://ultimateqa.com/wp-content/cache/min/1/site/638e222f41a4249eb4c09456.js?ver=1732876562"
      }, {
         "columnNumber": 7709,
         "functionName": "_triggerDOMContentLoaded",
         "lineNumber": 2,
         "scriptId": "8",
         "url": "https://ultimateqa.com/automation"
      } ]
   },
   "timestamp": 1.74497784436687e+12,
   "type": "log"
}
[1744977844.367][DEBUG]: DevTools WebSocket Event: Runtime.consoleAPICalled (session_id=AB05EFBB32E2D16330429566E2B949DF) B6CA9F10457516C8DBA26B0F13A3931A {
   "args": [ {
      "type": "string",
      "value": "Unexpected CTA position value:"
   }, {
      "type": "string",
      "value": ""
   } ],
   "executionContextId": 1,
   "stackTrace": {
      "callFrames": [ {
         "columnNumber": 1636,
         "functionName": "init",
         "lineNumber": 0,
         "scriptId": "41",
         "url": "https://ultimateqa.com/wp-content/cache/min/1/site/638e222f41a4249eb4c09456.js?ver=1732876562"
      }, {
         "columnNumber": 7709,
         "functionName": "_triggerDOMContentLoaded",
         "lineNumber": 2,
         "scriptId": "8",
         "url": "https://ultimateqa.com/automation"
      } ]
   },
   "timestamp": 1.744977844366929e+12,
   "type": "warning"
}
[1744977845.088][DEBUG]: DevTools WebSocket Response: Page.navigate (id=36) (session_id=AB05EFBB32E2D16330429566E2B949DF) B6CA9F10457516C8DBA26B0F13A3931A {
   "frameId": "B6CA9F10457516C8DBA26B0F13A3931A",
   "loaderId": "18365E9A661D662B924702BE68D58A8E"
}
[1744977845.088][INFO]: Waiting for pending navigations...
[1744977845.088][DEBUG]: DevTools WebSocket Command: Runtime.evaluate (id=37) (session_id=AB05EFBB32E2D16330429566E2B949DF) B6CA9F10457516C8DBA26B0F13A3931A {
   "expression": "1"
}
[1744977845.089][DEBUG]: DevTools WebSocket Event: Runtime.executionContextsCleared (session_id=AB05EFBB32E2D16330429566E2B949DF) B6CA9F10457516C8DBA26B0F13A3931A {
}
[1744977845.090][DEBUG]: DevTools WebSocket Event: Runtime.executionContextsCleared (session_id=AB05EFBB32E2D16330429566E2B949DF) B6CA9F10457516C8DBA26B0F13A3931A {
}
[1744977845.090][DEBUG]: DevTools WebSocket Event: Page.frameNavigated (session_id=AB05EFBB32E2D16330429566E2B949DF) B6CA9F10457516C8DBA26B0F13A3931A {
   "frame": {
      "adFrameStatus": {
         "adFrameType": "none"
      },
      "crossOriginIsolatedContextType": "NotIsolated",
      "domainAndRegistry": "ultimateqa.com",
      "gatedAPIFeatures": [  ],
      "id": "B6CA9F10457516C8DBA26B0F13A3931A",
      "loaderId": "18365E9A661D662B924702BE68D58A8E",
      "mimeType": "text/html",
      "secureContextType": "Secure",
      "securityOrigin": "https://ultimateqa.com",
      "securityOriginDetails": {
         "isLocalhost": false
      },
      "url": "https://ultimateqa.com/complicated-page"
   },
   "type": "Navigation"
}
[1744977845.098][DEBUG]: DevTools WebSocket Event: Runtime.executionContextCreated (session_id=AB05EFBB32E2D16330429566E2B949DF) B6CA9F10457516C8DBA26B0F13A3931A {
   "context": {
      "auxData": {
         "frameId": "B6CA9F10457516C8DBA26B0F13A3931A",
         "isDefault": true,
         "type": "default"
      },
      "id": 2,
      "name": "",
      "origin": "https://ultimateqa.com",
      "uniqueId": "-9080663590392398606.491732678573695337"
   }
}
[1744977845.098][DEBUG]: DevTools WebSocket Response: Runtime.evaluate (id=37) (session_id=AB05EFBB32E2D16330429566E2B949DF) B6CA9F10457516C8DBA26B0F13A3931A {
   "result": {
      "description": "1",
      "type": "number",
      "value": 1
   }
}
[21035:5675980:0418/173405.270934:INFO:CONSOLE(2)] "JQMIGRATE: Migrate is installed, version 3.4.1", source: https://ultimateqa.com/wp-includes/js/jquery/jquery-migrate.min.js?ver=3.4.1 (2)
[1744977845.271][DEBUG]: DevTools WebSocket Event: Runtime.consoleAPICalled (session_id=AB05EFBB32E2D16330429566E2B949DF) B6CA9F10457516C8DBA26B0F13A3931A {
   "args": [ {
      "type": "string",
      "value": "JQMIGRATE: Migrate is installed, version 3.4.1"
   } ],
   "executionContextId": 2,
   "stackTrace": {
      "callFrames": [ {
         "columnNumber": 980,
         "functionName": "",
         "lineNumber": 1,
         "scriptId": "18",
         "url": "https://ultimateqa.com/wp-includes/js/jquery/jquery-migrate.min.js?ver=3.4.1"
      }, {
         "columnNumber": 261,
         "functionName": "",
         "lineNumber": 1,
         "scriptId": "18",
         "url": "https://ultimateqa.com/wp-includes/js/jquery/jquery-migrate.min.js?ver=3.4.1"
      }, {
         "columnNumber": 278,
         "functionName": "",
         "lineNumber": 1,
         "scriptId": "18",
         "url": "https://ultimateqa.com/wp-includes/js/jquery/jquery-migrate.min.js?ver=3.4.1"
      } ]
   },
   "timestamp": 1.744977845270836e+12,
   "type": "log"
}
[1744977845.271][DEBUG]: DevTools WebSocket Command: Runtime.evaluate (id=38) (session_id=AB05EFBB32E2D16330429566E2B949DF) B6CA9F10457516C8DBA26B0F13A3931A {
   "expression": "1"
}
[21035:5675980:0418/173405.294094:INFO:CONSOLE(0)] "[DOM] Input elements should have autocomplete attributes (suggested: "current-password"): (More info: https://goo.gl/9p2vKq) %o", source: https://ultimateqa.com/complicated-page (0)
[21035:5675980:0418/173405.294117:INFO:CONSOLE(0)] "[DOM] Input elements should have autocomplete attributes (suggested: "current-password"): (More info: https://goo.gl/9p2vKq) %o", source: https://ultimateqa.com/complicated-page (0)
[1744977845.294][DEBUG]: DevTools WebSocket Event: Page.domContentEventFired (session_id=AB05EFBB32E2D16330429566E2B949DF) B6CA9F10457516C8DBA26B0F13A3931A {
   "timestamp": 448926.477169
}
[1744977845.294][DEBUG]: DevTools WebSocket Event: Log.entryAdded (session_id=AB05EFBB32E2D16330429566E2B949DF) B6CA9F10457516C8DBA26B0F13A3931A {
   "entry": {
      "args": [ {
         "className": "HTMLInputElement",
         "description": "input#user_pass_6801f9a2905a3.input",
         "objectId": "-4374113534182405852.2.1",
         "subtype": "node",
         "type": "object"
      } ],
      "level": "verbose",
      "source": "recommendation",
      "text": "[DOM] Input elements should have autocomplete attributes (suggested: \"current-password\"): (More info: https://goo.gl/9p2vKq) %o",
      "timestamp": 1.744977845292667e+12,
      "url": "https://ultimateqa.com/complicated-page"
   }
}
[1744977845.294][DEBUG]: DevTools WebSocket Event: Log.entryAdded (session_id=AB05EFBB32E2D16330429566E2B949DF) B6CA9F10457516C8DBA26B0F13A3931A {
   "entry": {
      "args": [ {
         "className": "HTMLInputElement",
         "description": "input#user_pass_6801f9a299fc7.input",
         "objectId": "-4374113534182405852.2.2",
         "subtype": "node",
         "type": "object"
      } ],
      "level": "verbose",
      "source": "recommendation",
      "text": "[DOM] Input elements should have autocomplete attributes (suggested: \"current-password\"): (More info: https://goo.gl/9p2vKq) %o",
      "timestamp": 1.744977845292731e+12,
      "url": "https://ultimateqa.com/complicated-page"
   }
}
[1744977845.294][DEBUG]: DevTools WebSocket Response: Runtime.evaluate (id=38) (session_id=AB05EFBB32E2D16330429566E2B949DF) B6CA9F10457516C8DBA26B0F13A3931A {
   "result": {
      "description": "1",
      "type": "number",
      "value": 1
   }
}
[1744977845.299][DEBUG]: DevTools WebSocket Event: Page.frameResized (session_id=AB05EFBB32E2D16330429566E2B949DF) B6CA9F10457516C8DBA26B0F13A3931A {
}
[1744977845.299][DEBUG]: DevTools WebSocket Command: Runtime.evaluate (id=39) (session_id=AB05EFBB32E2D16330429566E2B949DF) B6CA9F10457516C8DBA26B0F13A3931A {
   "expression": "1"
}
[1744977845.301][DEBUG]: DevTools WebSocket Response: Runtime.evaluate (id=39) (session_id=AB05EFBB32E2D16330429566E2B949DF) B6CA9F10457516C8DBA26B0F13A3931A {
   "result": {
      "description": "1",
      "type": "number",
      "value": 1
   }
}
[1744977845.301][DEBUG]: DevTools WebSocket Event: Page.frameResized (session_id=AB05EFBB32E2D16330429566E2B949DF) B6CA9F10457516C8DBA26B0F13A3931A {
}
[1744977845.301][DEBUG]: DevTools WebSocket Command: Runtime.evaluate (id=40) (session_id=AB05EFBB32E2D16330429566E2B949DF) B6CA9F10457516C8DBA26B0F13A3931A {
   "expression": "1"
}
[1744977845.301][DEBUG]: DevTools WebSocket Response: Runtime.evaluate (id=40) (session_id=AB05EFBB32E2D16330429566E2B949DF) B6CA9F10457516C8DBA26B0F13A3931A {
   "result": {
      "description": "1",
      "type": "number",
      "value": 1
   }
}
[21035:5675980:0418/173405.438708:INFO:CONSOLE(1)] "sniply init called", source: https://ultimateqa.com/wp-content/cache/min/1/site/638e222f41a4249eb4c09456.js?ver=1732876562 (1)
[21035:5675980:0418/173405.438768:INFO:CONSOLE(1)] "Unexpected CTA position value: ", source: https://ultimateqa.com/wp-content/cache/min/1/site/638e222f41a4249eb4c09456.js?ver=1732876562 (1)
[1744977845.439][DEBUG]: DevTools WebSocket Event: Runtime.consoleAPICalled (session_id=AB05EFBB32E2D16330429566E2B949DF) B6CA9F10457516C8DBA26B0F13A3931A {
   "args": [ {
      "type": "string",
      "value": "sniply init called"
   } ],
   "executionContextId": 2,
   "stackTrace": {
      "callFrames": [ {
         "columnNumber": 1007,
         "functionName": "init",
         "lineNumber": 0,
         "scriptId": "41",
         "url": "https://ultimateqa.com/wp-content/cache/min/1/site/638e222f41a4249eb4c09456.js?ver=1732876562"
      }, {
         "columnNumber": 7709,
         "functionName": "_triggerDOMContentLoaded",
         "lineNumber": 2,
         "scriptId": "68",
         "url": "https://ultimateqa.com/complicated-page"
      } ]
   },
   "timestamp": 1.744977845438624e+12,
   "type": "log"
}
[1744977845.439][DEBUG]: DevTools WebSocket Event: Runtime.consoleAPICalled (session_id=AB05EFBB32E2D16330429566E2B949DF) B6CA9F10457516C8DBA26B0F13A3931A {
   "args": [ {
      "type": "string",
      "value": "Unexpected CTA position value:"
   }, {
      "type": "string",
      "value": ""
   } ],
   "executionContextId": 2,
   "stackTrace": {
      "callFrames": [ {
         "columnNumber": 1636,
         "functionName": "init",
         "lineNumber": 0,
         "scriptId": "41",
         "url": "https://ultimateqa.com/wp-content/cache/min/1/site/638e222f41a4249eb4c09456.js?ver=1732876562"
      }, {
         "columnNumber": 7709,
         "functionName": "_triggerDOMContentLoaded",
         "lineNumber": 2,
         "scriptId": "68",
         "url": "https://ultimateqa.com/complicated-page"
      } ]
   },
   "timestamp": 1.744977845438711e+12,
   "type": "warning"
}
[1744977845.439][DEBUG]: DevTools WebSocket Command: Runtime.evaluate (id=41) (session_id=AB05EFBB32E2D16330429566E2B949DF) B6CA9F10457516C8DBA26B0F13A3931A {
   "expression": "1"
}
[1744977845.441][DEBUG]: DevTools WebSocket Response: Runtime.evaluate (id=41) (session_id=AB05EFBB32E2D16330429566E2B949DF) B6CA9F10457516C8DBA26B0F13A3931A {
   "result": {
      "description": "1",
      "type": "number",
      "value": 1
   }
}
[1744977845.532][DEBUG]: DevTools WebSocket Event: Page.frameAttached (session_id=AB05EFBB32E2D16330429566E2B949DF) B6CA9F10457516C8DBA26B0F13A3931A {
   "frameId": "BE2E2D8E21CF170138158FF222F51776",
   "parentFrameId": "B6CA9F10457516C8DBA26B0F13A3931A",
   "stack": {
      "callFrames": [ {
         "columnNumber": 99,
         "functionName": "",
         "lineNumber": 51,
         "scriptId": "94",
         "url": "https://www.gstatic.com/recaptcha/releases/hbAq-YhJxOnlU-7cpgBoAJHb/recaptcha__en.js"
      }, {
         "columnNumber": 254,
         "functionName": "hb.render",
         "lineNumber": 1103,
         "scriptId": "94",
         "url": "https://www.gstatic.com/recaptcha/releases/hbAq-YhJxOnlU-7cpgBoAJHb/recaptcha__en.js"
      }, {
         "columnNumber": 207,
         "functionName": "",
         "lineNumber": 297,
         "scriptId": "94",
         "url": "https://www.gstatic.com/recaptcha/releases/hbAq-YhJxOnlU-7cpgBoAJHb/recaptcha__en.js"
      }, {
         "columnNumber": 10,
         "functionName": "",
         "lineNumber": 67,
         "scriptId": "94",
         "url": "https://www.gstatic.com/recaptcha/releases/hbAq-YhJxOnlU-7cpgBoAJHb/recaptcha__en.js"
      }, {
         "columnNumber": 30,
         "functionName": "",
         "lineNumber": 508,
         "scriptId": "94",
         "url": "https://www.gstatic.com/recaptcha/releases/hbAq-YhJxOnlU-7cpgBoAJHb/recaptcha__en.js"
      }, {
         "columnNumber": 49,
         "functionName": "yY",
         "lineNumber": 692,
         "scriptId": "94",
         "url": "https://www.gstatic.com/recaptcha/releases/hbAq-YhJxOnlU-7cpgBoAJHb/recaptcha__en.js"
      }, {
         "columnNumber": 157,
         "functionName": "",
         "lineNumber": 569,
         "scriptId": "94",
         "url": "https://www.gstatic.com/recaptcha/releases/hbAq-YhJxOnlU-7cpgBoAJHb/recaptcha__en.js"
      }, {
         "columnNumber": 62,
         "functionName": "",
         "lineNumber": 137,
         "scriptId": "94",
         "url": "https://www.gstatic.com/recaptcha/releases/hbAq-YhJxOnlU-7cpgBoAJHb/recaptcha__en.js"
      }, {
         "columnNumber": 473,
         "functionName": "wD.\u003Ccomputed>.\u003Ccomputed>.\u003Ccomputed>.wD.\u003Ccomputed>.\u003Ccomputed>.\u003Ccomputed>",
         "lineNumber": 194,
         "scriptId": "94",
         "url": "https://www.gstatic.com/recaptcha/releases/hbAq-YhJxOnlU-7cpgBoAJHb/recaptcha__en.js"
      }, {
         "columnNumber": 530,
         "functionName": "",
         "lineNumber": 195,
         "scriptId": "94",
         "url": "https://www.gstatic.com/recaptcha/releases/hbAq-YhJxOnlU-7cpgBoAJHb/recaptcha__en.js"
      }, {
         "columnNumber": 266,
         "functionName": "",
         "lineNumber": 471,
         "scriptId": "94",
         "url": "https://www.gstatic.com/recaptcha/releases/hbAq-YhJxOnlU-7cpgBoAJHb/recaptcha__en.js"
      }, {
         "columnNumber": 466,
         "functionName": "",
         "lineNumber": 195,
         "scriptId": "94",
         "url": "https://www.gstatic.com/recaptcha/releases/hbAq-YhJxOnlU-7cpgBoAJHb/recaptcha__en.js"
      }, {
         "columnNumber": 346,
         "functionName": "",
         "lineNumber": 1131,
         "scriptId": "94",
         "url": "https://www.gstatic.com/recaptcha/releases/hbAq-YhJxOnlU-7cpgBoAJHb/recaptcha__en.js"
      }, {
         "columnNumber": 56,
         "functionName": "",
         "lineNumber": 1141,
         "scriptId": "94",
         "url": "https://www.gstatic.com/recaptcha/releases/hbAq-YhJxOnlU-7cpgBoAJHb/recaptcha__en.js"
      } ]
   }
}
[1744977845.532][DEBUG]: DevTools WebSocket Command: Runtime.evaluate (id=42) (session_id=AB05EFBB32E2D16330429566E2B949DF) B6CA9F10457516C8DBA26B0F13A3931A {
   "expression": "1"
}
[1744977845.533][DEBUG]: DevTools WebSocket Event: Page.frameRequestedNavigation (session_id=AB05EFBB32E2D16330429566E2B949DF) B6CA9F10457516C8DBA26B0F13A3931A {
   "disposition": "currentTab",
   "frameId": "BE2E2D8E21CF170138158FF222F51776",
   "reason": "initialFrameNavigation",
   "url": "https://www.google.com/recaptcha/api2/anchor?ar=1&k=6LfZzKUpAAAAAHRnB0nxcD1DC4eEiTN4Wf60YFKG&co=aHR0cHM6Ly91bHRpbWF0ZXFhLmNvbTo0NDM.&hl=en&v=hbAq-YhJxOnlU-7cpgBoAJHb&size=invisible&cb=jit42xpuy0vq"
}
[1744977845.534][DEBUG]: DevTools WebSocket Event: Page.frameStartedNavigating (session_id=AB05EFBB32E2D16330429566E2B949DF) B6CA9F10457516C8DBA26B0F13A3931A {
   "frameId": "BE2E2D8E21CF170138158FF222F51776",
   "loaderId": "E9A9724B9CF915B9166751183D6FFC55",
   "navigationType": "differentDocument",
   "url": "https://www.google.com/recaptcha/api2/anchor?ar=1&k=6LfZzKUpAAAAAHRnB0nxcD1DC4eEiTN4Wf60YFKG&co=aHR0cHM6Ly91bHRpbWF0ZXFhLmNvbTo0NDM.&hl=en&v=hbAq-YhJxOnlU-7cpgBoAJHb&size=invisible&cb=jit42xpuy0vq"
}
[1744977845.534][DEBUG]: DevTools WebSocket Event: Page.frameStartedLoading (session_id=AB05EFBB32E2D16330429566E2B949DF) B6CA9F10457516C8DBA26B0F13A3931A {
   "frameId": "BE2E2D8E21CF170138158FF222F51776"
}
[1744977845.537][DEBUG]: DevTools WebSocket Response: Runtime.evaluate (id=42) (session_id=AB05EFBB32E2D16330429566E2B949DF) B6CA9F10457516C8DBA26B0F13A3931A {
   "result": {
      "description": "1",
      "type": "number",
      "value": 1
   }
}
[21035:5675980:0418/173405.581689:INFO:CONSOLE(2)] "Loading CTA data passed by server: [object Object]", source: https://ctarendering.snip.ly/app.js (2)
[1744977845.583][DEBUG]: DevTools WebSocket Event: Runtime.consoleAPICalled (session_id=AB05EFBB32E2D16330429566E2B949DF) B6CA9F10457516C8DBA26B0F13A3931A {
   "args": [ {
      "type": "string",
      "value": "Loading CTA data passed by server:"
   }, {
      "className": "Object",
      "description": "Object",
      "objectId": "-4374113534182405852.2.3",
      "preview": {
         "description": "Object",
         "overflow": true,
         "properties": [ {
            "name": "message",
            "type": "string",
            "value": ""
         }, {
            "name": "button_action",
            "type": "object",
            "value": "Object"
         }, {
            "name": "form_action",
            "type": "object",
            "value": "Object"
         }, {
            "name": "image_action",
            "type": "object",
            "value": "Object"
         }, {
            "name": "background_color",
            "type": "string",
            "value": ""
         } ],
         "type": "object"
      },
      "type": "object"
   } ],
   "executionContextId": 2,
   "stackTrace": {
      "callFrames": [ {
         "columnNumber": 2615968,
         "functionName": "",
         "lineNumber": 1,
         "scriptId": "96",
         "url": "https://ctarendering.snip.ly/app.js"
      }, {
         "columnNumber": 115678,
         "functionName": "_z",
         "lineNumber": 1,
         "scriptId": "96",
         "url": "https://ctarendering.snip.ly/app.js"
      }, {
         "columnNumber": 135990,
         "functionName": "Oj",
         "lineNumber": 1,
         "scriptId": "96",
         "url": "https://ctarendering.snip.ly/app.js"
      }, {
         "columnNumber": 132645,
         "functionName": "",
         "lineNumber": 1,
         "scriptId": "96",
         "url": "https://ctarendering.snip.ly/app.js"
      }, {
         "columnNumber": 159803,
         "functionName": "l",
         "lineNumber": 1,
         "scriptId": "96",
         "url": "https://ctarendering.snip.ly/app.js"
      }, {
         "columnNumber": 160335,
         "functionName": "a",
         "lineNumber": 1,
         "scriptId": "96",
         "url": "https://ctarendering.snip.ly/app.js"
      } ]
   },
   "timestamp": 1.744977845581625e+12,
   "type": "log"
}
[1744977845.583][DEBUG]: DevTools WebSocket Command: Runtime.evaluate (id=43) (session_id=AB05EFBB32E2D16330429566E2B949DF) B6CA9F10457516C8DBA26B0F13A3931A {
   "expression": "1"
}
[1744977845.583][DEBUG]: DevTools WebSocket Response: Runtime.evaluate (id=43) (session_id=AB05EFBB32E2D16330429566E2B949DF) B6CA9F10457516C8DBA26B0F13A3931A {
   "result": {
      "description": "1",
      "type": "number",
      "value": 1
   }
}
[1744977845.957][DEBUG]: DevTools WebSocket Event: Target.attachedToTarget (session_id=AB05EFBB32E2D16330429566E2B949DF) B6CA9F10457516C8DBA26B0F13A3931A {
   "sessionId": "1CE66E8C0619848B53E56919189B2A1E",
   "targetInfo": {
      "attached": true,
      "browserContextId": "AB73C6EB82C13D3A795C8028D034F0CE",
      "canAccessOpener": false,
      "targetId": "BE2E2D8E21CF170138158FF222F51776",
      "title": "",
      "type": "iframe",
      "url": ""
   },
   "waitingForDebugger": false
}
[1744977845.957][DEBUG]: DevTools WebSocket Command: Page.enable (id=44) (session_id=1CE66E8C0619848B53E56919189B2A1E) 1CE66E8C0619848B53E56919189B2A1E {
}
[1744977845.957][DEBUG]: DevTools WebSocket Command: Page.addScriptToEvaluateOnNewDocument (id=45) (session_id=1CE66E8C0619848B53E56919189B2A1E) 1CE66E8C0619848B53E56919189B2A1E {
   "source": "(function () {window.cdc_adoQpoasnfa76pfcZLmcfl_Array = window.Array;window.cdc_adoQpoasnfa76pfcZLmcfl_Object = window.Object;window.cdc_adoQpoasnfa76pfcZLmcfl_Promise = window.Promise;window.cdc_a..."
}
[1744977845.957][DEBUG]: DevTools WebSocket Command: Runtime.evaluate (id=46) (session_id=1CE66E8C0619848B53E56919189B2A1E) 1CE66E8C0619848B53E56919189B2A1E {
   "expression": "(function () {window.cdc_adoQpoasnfa76pfcZLmcfl_Array = window.Array;window.cdc_adoQpoasnfa76pfcZLmcfl_Object = window.Object;window.cdc_adoQpoasnfa76pfcZLmcfl_Promise = window.Promise;window.cdc_a..."
}
[1744977845.957][DEBUG]: DevTools WebSocket Command: Target.setAutoAttach (id=47) (session_id=1CE66E8C0619848B53E56919189B2A1E) 1CE66E8C0619848B53E56919189B2A1E {
   "autoAttach": true,
   "flatten": true,
   "waitForDebuggerOnStart": false
}
[1744977845.960][DEBUG]: DevTools WebSocket Event: Target.targetInfoChanged (session_id=AB05EFBB32E2D16330429566E2B949DF) B6CA9F10457516C8DBA26B0F13A3931A {
   "targetInfo": {
      "attached": true,
      "browserContextId": "AB73C6EB82C13D3A795C8028D034F0CE",
      "canAccessOpener": false,
      "targetId": "BE2E2D8E21CF170138158FF222F51776",
      "title": "https://www.google.com/recaptcha/api2/anchor?ar=1&k=6LfZzKUpAAAAAHRnB0nxcD1DC4eEiTN4Wf60YFKG&co=aHR0cHM6Ly91bHRpbWF0ZXFhLmNvbTo0NDM.&hl=en&v=hbAq-YhJxOnlU-7cpgBoAJHb&size=invisible&cb=jit42xpuy0vq",
      "type": "iframe",
      "url": "https://www.google.com/recaptcha/api2/anchor?ar=1&k=6LfZzKUpAAAAAHRnB0nxcD1DC4eEiTN4Wf60YFKG&co=aHR0cHM6Ly91bHRpbWF0ZXFhLmNvbTo0NDM.&hl=en&v=hbAq-YhJxOnlU-7cpgBoAJHb&size=invisible&cb=jit42xpuy0vq"
   }
}
[1744977845.962][DEBUG]: DevTools WebSocket Response: Page.enable (id=44) (session_id=1CE66E8C0619848B53E56919189B2A1E) 1CE66E8C0619848B53E56919189B2A1E {
}
[1744977845.962][DEBUG]: DevTools WebSocket Response: Page.addScriptToEvaluateOnNewDocument (id=45) (session_id=1CE66E8C0619848B53E56919189B2A1E) 1CE66E8C0619848B53E56919189B2A1E {
   "identifier": "1"
}
[1744977845.962][DEBUG]: DevTools WebSocket Response: Runtime.evaluate (id=46) (session_id=1CE66E8C0619848B53E56919189B2A1E) 1CE66E8C0619848B53E56919189B2A1E {
   "result": {
      "type": "undefined"
   }
}
[1744977845.962][DEBUG]: DevTools WebSocket Response: Target.setAutoAttach (id=47) (session_id=1CE66E8C0619848B53E56919189B2A1E) 1CE66E8C0619848B53E56919189B2A1E {
}
[1744977845.962][DEBUG]: DevTools WebSocket Command: Runtime.enable (id=48) (session_id=1CE66E8C0619848B53E56919189B2A1E) 1CE66E8C0619848B53E56919189B2A1E {
}
[1744977845.963][DEBUG]: DevTools WebSocket Event: Runtime.executionContextCreated (session_id=1CE66E8C0619848B53E56919189B2A1E) 1CE66E8C0619848B53E56919189B2A1E {
   "context": {
      "auxData": {
         "frameId": "BE2E2D8E21CF170138158FF222F51776",
         "isDefault": true,
         "type": "default"
      },
      "id": 1,
      "name": "",
      "origin": "https://www.google.com",
      "uniqueId": "2750826773423559460.1747443385558016994"
   }
}
[1744977845.963][DEBUG]: DevTools WebSocket Response: Runtime.enable (id=48) (session_id=1CE66E8C0619848B53E56919189B2A1E) 1CE66E8C0619848B53E56919189B2A1E {
}
[1744977845.963][DEBUG]: DevTools WebSocket Command: Runtime.evaluate (id=49) (session_id=AB05EFBB32E2D16330429566E2B949DF) B6CA9F10457516C8DBA26B0F13A3931A {
   "expression": "1"
}
[1744977845.973][DEBUG]: DevTools WebSocket Event: Page.frameAttached (session_id=AB05EFBB32E2D16330429566E2B949DF) B6CA9F10457516C8DBA26B0F13A3931A {
   "frameId": "E72FE9DE32A66DE3CA45696B514BDFE6",
   "parentFrameId": "B6CA9F10457516C8DBA26B0F13A3931A",
   "stack": {
      "callFrames": [ {
         "columnNumber": 441,
         "functionName": "uc",
         "lineNumber": 181,
         "scriptId": "97",
         "url": "https://www.googletagmanager.com/gtag/js?id=G-JZ068KJG9P&cx=c&_slc=1"
      }, {
         "columnNumber": 136,
         "functionName": "rl",
         "lineNumber": 360,
         "scriptId": "97",
         "url": "https://www.googletagmanager.com/gtag/js?id=G-JZ068KJG9P&cx=c&_slc=1"
      }, {
         "columnNumber": 458,
         "functionName": "Nl",
         "lineNumber": 363,
         "scriptId": "97",
         "url": "https://www.googletagmanager.com/gtag/js?id=G-JZ068KJG9P&cx=c&_slc=1"
      }, {
         "columnNumber": 314,
         "functionName": "t",
         "lineNumber": 799,
         "scriptId": "97",
         "url": "https://www.googletagmanager.com/gtag/js?id=G-JZ068KJG9P&cx=c&_slc=1"
      }, {
         "columnNumber": 403,
         "functionName": "fM",
         "lineNumber": 800,
         "scriptId": "97",
         "url": "https://www.googletagmanager.com/gtag/js?id=G-JZ068KJG9P&cx=c&_slc=1"
      }, {
         "columnNumber": 183,
         "functionName": "k.Fa",
         "lineNumber": 803,
         "scriptId": "97",
         "url": "https://www.googletagmanager.com/gtag/js?id=G-JZ068KJG9P&cx=c&_slc=1"
      }, {
         "columnNumber": 24,
         "functionName": "k.add",
         "lineNumber": 805,
         "scriptId": "97",
         "url": "https://www.googletagmanager.com/gtag/js?id=G-JZ068KJG9P&cx=c&_slc=1"
      }, {
         "columnNumber": 414,
         "functionName": "k.df",
         "lineNumber": 825,
         "scriptId": "97",
         "url": "https://www.googletagmanager.com/gtag/js?id=G-JZ068KJG9P&cx=c&_slc=1"
      }, {
         "columnNumber": 337,
         "functionName": "k.Uh",
         "lineNumber": 825,
         "scriptId": "97",
         "url": "https://www.googletagmanager.com/gtag/js?id=G-JZ068KJG9P&cx=c&_slc=1"
      }, {
         "columnNumber": 261,
         "functionName": "",
         "lineNumber": 822,
         "scriptId": "97",
         "url": "https://www.googletagmanager.com/gtag/js?id=G-JZ068KJG9P&cx=c&_slc=1"
      }, {
         "columnNumber": 149,
         "functionName": "Om",
         "lineNumber": 384,
         "scriptId": "97",
         "url": "https://www.googletagmanager.com/gtag/js?id=G-JZ068KJG9P&cx=c&_slc=1"
      }, {
         "columnNumber": 431,
         "functionName": "Co",
         "lineNumber": 399,
         "scriptId": "97",
         "url": "https://www.googletagmanager.com/gtag/js?id=G-JZ068KJG9P&cx=c&_slc=1"
      }, {
         "columnNumber": 245,
         "functionName": "",
         "lineNumber": 822,
         "scriptId": "97",
         "url": "https://www.googletagmanager.com/gtag/js?id=G-JZ068KJG9P&cx=c&_slc=1"
      }, {
         "columnNumber": 111,
         "functionName": "c",
         "lineNumber": 578,
         "scriptId": "97",
         "url": "https://www.googletagmanager.com/gtag/js?id=G-JZ068KJG9P&cx=c&_slc=1"
      }, {
         "columnNumber": 354,
         "functionName": "",
         "lineNumber": 578,
         "scriptId": "97",
         "url": "https://www.googletagmanager.com/gtag/js?id=G-JZ068KJG9P&cx=c&_slc=1"
      } ]
   }
}
[1744977845.975][DEBUG]: DevTools WebSocket Event: Page.frameRequestedNavigation (session_id=AB05EFBB32E2D16330429566E2B949DF) B6CA9F10457516C8DBA26B0F13A3931A {
   "disposition": "currentTab",
   "frameId": "E72FE9DE32A66DE3CA45696B514BDFE6",
   "reason": "initialFrameNavigation",
   "url": "https://td.doubleclick.net/td/ga/rul?tid=G-JZ068KJG9P&gacid=1078764323.1744977844&gtm=45je54g3v9126183444za200&dma=0&gcd=13l3l3l3l2l1&npa=0&pscdl=noapi&_ng=1&aip=1&fledge=1&frm=0&tag_exp=101509157~..."
}
[1744977845.975][DEBUG]: DevTools WebSocket Event: Page.frameStartedNavigating (session_id=AB05EFBB32E2D16330429566E2B949DF) B6CA9F10457516C8DBA26B0F13A3931A {
   "frameId": "E72FE9DE32A66DE3CA45696B514BDFE6",
   "loaderId": "DC1962086884A4263A7307EB22B1E4E3",
   "navigationType": "differentDocument",
   "url": "https://td.doubleclick.net/td/ga/rul?tid=G-JZ068KJG9P&gacid=1078764323.1744977844&gtm=45je54g3v9126183444za200&dma=0&gcd=13l3l3l3l2l1&npa=0&pscdl=noapi&_ng=1&aip=1&fledge=1&frm=0&tag_exp=101509157~..."
}
[1744977845.975][DEBUG]: DevTools WebSocket Event: Page.frameStartedLoading (session_id=AB05EFBB32E2D16330429566E2B949DF) B6CA9F10457516C8DBA26B0F13A3931A {
   "frameId": "E72FE9DE32A66DE3CA45696B514BDFE6"
}
[1744977845.976][DEBUG]: DevTools WebSocket Event: Page.frameDetached (session_id=AB05EFBB32E2D16330429566E2B949DF) B6CA9F10457516C8DBA26B0F13A3931A {
   "frameId": "BE2E2D8E21CF170138158FF222F51776",
   "reason": "swap"
}
[1744977845.977][DEBUG]: DevTools WebSocket Response: Runtime.evaluate (id=49) (session_id=AB05EFBB32E2D16330429566E2B949DF) B6CA9F10457516C8DBA26B0F13A3931A {
   "result": {
      "description": "1",
      "type": "number",
      "value": 1
   }
}
[1744977845.977][DEBUG]: DevTools WebSocket Command: Runtime.evaluate (id=50) (session_id=AB05EFBB32E2D16330429566E2B949DF) B6CA9F10457516C8DBA26B0F13A3931A {
   "expression": "document",
   "objectGroup": "b4b96ce2-4366-4e37-996c-aa67d3f616f0"
}
[1744977845.977][DEBUG]: DevTools WebSocket Response: Runtime.evaluate (id=50) (session_id=AB05EFBB32E2D16330429566E2B949DF) B6CA9F10457516C8DBA26B0F13A3931A {
   "result": {
      "className": "HTMLDocument",
      "description": "#document",
      "objectId": "-4374113534182405852.2.4",
      "subtype": "node",
      "type": "object"
   }
}
[1744977845.977][DEBUG]: DevTools WebSocket Command: DOM.describeNode (id=51) (session_id=AB05EFBB32E2D16330429566E2B949DF) B6CA9F10457516C8DBA26B0F13A3931A {
   "objectId": "-4374113534182405852.2.4"
}
[1744977845.978][DEBUG]: DevTools WebSocket Response: DOM.describeNode (id=51) (session_id=AB05EFBB32E2D16330429566E2B949DF) B6CA9F10457516C8DBA26B0F13A3931A {
   "node": {
      "backendNodeId": 128,
      "baseURL": "https://ultimateqa.com/complicated-page",
      "childNodeCount": 3,
      "compatibilityMode": "NoQuirksMode",
      "documentURL": "https://ultimateqa.com/complicated-page",
      "isScrollable": true,
      "localName": "",
      "nodeId": 0,
      "nodeName": "#document",
      "nodeType": 9,
      "nodeValue": "",
      "xmlVersion": ""
   }
}
[1744977845.978][DEBUG]: DevTools WebSocket Command: Runtime.releaseObjectGroup (id=52) (session_id=AB05EFBB32E2D16330429566E2B949DF) B6CA9F10457516C8DBA26B0F13A3931A {
   "objectGroup": "b4b96ce2-4366-4e37-996c-aa67d3f616f0"
}
[1744977845.978][DEBUG]: DevTools WebSocket Command: Runtime.evaluate (id=53) (session_id=AB05EFBB32E2D16330429566E2B949DF) B6CA9F10457516C8DBA26B0F13A3931A {
   "awaitPromise": false,
   "expression": "document.readyState",
   "returnByValue": true,
   "uniqueContextId": "-9080663590392398606.491732678573695337"
}
[1744977845.978][DEBUG]: DevTools WebSocket Response: Runtime.releaseObjectGroup (id=52) (session_id=AB05EFBB32E2D16330429566E2B949DF) B6CA9F10457516C8DBA26B0F13A3931A {
}
[1744977845.978][DEBUG]: DevTools WebSocket Response: Runtime.evaluate (id=53) (session_id=AB05EFBB32E2D16330429566E2B949DF) B6CA9F10457516C8DBA26B0F13A3931A {
   "result": {
      "type": "string",
      "value": "interactive"
   }
}
[21035:5676020:0418/173406.014323:ERROR:registration_request.cc(291)] Registration response error message: PHONE_REGISTRATION_ERROR
[21035:5676020:0418/173406.014378:ERROR:registration_request.cc(291)] Registration response error message: PHONE_REGISTRATION_ERROR
[1744977846.484][DEBUG]: DevTools WebSocket Command: Runtime.evaluate (id=54) (session_id=AB05EFBB32E2D16330429566E2B949DF) B6CA9F10457516C8DBA26B0F13A3931A {
   "expression": "1"
}
[1744977846.494][DEBUG]: DevTools WebSocket Event: Target.attachedToTarget (session_id=AB05EFBB32E2D16330429566E2B949DF) B6CA9F10457516C8DBA26B0F13A3931A {
   "sessionId": "5A257C9045AF9CB27EAC7AAECCD07E5B",
   "targetInfo": {
      "attached": true,
      "browserContextId": "AB73C6EB82C13D3A795C8028D034F0CE",
      "canAccessOpener": false,
      "targetId": "E72FE9DE32A66DE3CA45696B514BDFE6",
      "title": "",
      "type": "iframe",
      "url": ""
   },
   "waitingForDebugger": false
}
[1744977846.494][DEBUG]: DevTools WebSocket Command: Page.enable (id=55) (session_id=5A257C9045AF9CB27EAC7AAECCD07E5B) 5A257C9045AF9CB27EAC7AAECCD07E5B {
}
[1744977846.495][DEBUG]: DevTools WebSocket Command: Page.addScriptToEvaluateOnNewDocument (id=56) (session_id=5A257C9045AF9CB27EAC7AAECCD07E5B) 5A257C9045AF9CB27EAC7AAECCD07E5B {
   "source": "(function () {window.cdc_adoQpoasnfa76pfcZLmcfl_Array = window.Array;window.cdc_adoQpoasnfa76pfcZLmcfl_Object = window.Object;window.cdc_adoQpoasnfa76pfcZLmcfl_Promise = window.Promise;window.cdc_a..."
}
[1744977846.495][DEBUG]: DevTools WebSocket Command: Runtime.evaluate (id=57) (session_id=5A257C9045AF9CB27EAC7AAECCD07E5B) 5A257C9045AF9CB27EAC7AAECCD07E5B {
   "expression": "(function () {window.cdc_adoQpoasnfa76pfcZLmcfl_Array = window.Array;window.cdc_adoQpoasnfa76pfcZLmcfl_Object = window.Object;window.cdc_adoQpoasnfa76pfcZLmcfl_Promise = window.Promise;window.cdc_a..."
}
[1744977846.495][DEBUG]: DevTools WebSocket Command: Target.setAutoAttach (id=58) (session_id=5A257C9045AF9CB27EAC7AAECCD07E5B) 5A257C9045AF9CB27EAC7AAECCD07E5B {
   "autoAttach": true,
   "flatten": true,
   "waitForDebuggerOnStart": false
}
[1744977846.495][DEBUG]: DevTools WebSocket Response: Runtime.evaluate (id=54) (session_id=AB05EFBB32E2D16330429566E2B949DF) B6CA9F10457516C8DBA26B0F13A3931A {
   "result": {
      "description": "1",
      "type": "number",
      "value": 1
   }
}
[1744977846.495][DEBUG]: DevTools WebSocket Event: Target.targetInfoChanged (session_id=AB05EFBB32E2D16330429566E2B949DF) B6CA9F10457516C8DBA26B0F13A3931A {
   "targetInfo": {
      "attached": true,
      "browserContextId": "AB73C6EB82C13D3A795C8028D034F0CE",
      "canAccessOpener": false,
      "targetId": "E72FE9DE32A66DE3CA45696B514BDFE6",
      "title": "https://td.doubleclick.net/td/ga/rul?tid=G-JZ068KJG9P&gacid=1078764323.1744977844&gtm=45je54g3v9126183444za200&dma=0&gcd=13l3l3l3l2l1&npa=0&pscdl=noapi&_ng=1&aip=1&fledge=1&frm=0&tag_exp=101509157~...",
      "type": "iframe",
      "url": "https://td.doubleclick.net/td/ga/rul?tid=G-JZ068KJG9P&gacid=1078764323.1744977844&gtm=45je54g3v9126183444za200&dma=0&gcd=13l3l3l3l2l1&npa=0&pscdl=noapi&_ng=1&aip=1&fledge=1&frm=0&tag_exp=101509157~..."
   }
}
[1744977846.495][DEBUG]: DevTools WebSocket Event: Page.frameDetached (session_id=AB05EFBB32E2D16330429566E2B949DF) B6CA9F10457516C8DBA26B0F13A3931A {
   "frameId": "E72FE9DE32A66DE3CA45696B514BDFE6",
   "reason": "swap"
}
[1744977846.495][DEBUG]: DevTools WebSocket Event: Page.frameStoppedLoading (session_id=5A257C9045AF9CB27EAC7AAECCD07E5B) 5A257C9045AF9CB27EAC7AAECCD07E5B {
   "frameId": "E72FE9DE32A66DE3CA45696B514BDFE6"
}
[1744977846.495][DEBUG]: DevTools WebSocket Response: Page.enable (id=55) (session_id=5A257C9045AF9CB27EAC7AAECCD07E5B) 5A257C9045AF9CB27EAC7AAECCD07E5B {
}
[1744977846.496][DEBUG]: DevTools WebSocket Response: Page.addScriptToEvaluateOnNewDocument (id=56) (session_id=5A257C9045AF9CB27EAC7AAECCD07E5B) 5A257C9045AF9CB27EAC7AAECCD07E5B {
   "identifier": "1"
}
[1744977846.496][DEBUG]: DevTools WebSocket Response: Runtime.evaluate (id=57) (session_id=5A257C9045AF9CB27EAC7AAECCD07E5B) 5A257C9045AF9CB27EAC7AAECCD07E5B {
   "result": {
      "type": "undefined"
   }
}
[1744977846.496][DEBUG]: DevTools WebSocket Response: Target.setAutoAttach (id=58) (session_id=5A257C9045AF9CB27EAC7AAECCD07E5B) 5A257C9045AF9CB27EAC7AAECCD07E5B {
}
[1744977846.496][DEBUG]: DevTools WebSocket Command: Runtime.enable (id=59) (session_id=5A257C9045AF9CB27EAC7AAECCD07E5B) 5A257C9045AF9CB27EAC7AAECCD07E5B {
}
[1744977846.496][DEBUG]: DevTools WebSocket Event: Runtime.executionContextCreated (session_id=5A257C9045AF9CB27EAC7AAECCD07E5B) 5A257C9045AF9CB27EAC7AAECCD07E5B {
   "context": {
      "auxData": {
         "frameId": "E72FE9DE32A66DE3CA45696B514BDFE6",
         "isDefault": true,
         "type": "default"
      },
      "id": 1,
      "name": "",
      "origin": "https://td.doubleclick.net",
      "uniqueId": "-1033872070689065608.6571720759207157431"
   }
}
[1744977846.496][DEBUG]: DevTools WebSocket Response: Runtime.enable (id=59) (session_id=5A257C9045AF9CB27EAC7AAECCD07E5B) 5A257C9045AF9CB27EAC7AAECCD07E5B {
}
[1744977846.496][DEBUG]: DevTools WebSocket Command: Runtime.evaluate (id=60) (session_id=AB05EFBB32E2D16330429566E2B949DF) B6CA9F10457516C8DBA26B0F13A3931A {
   "expression": "document",
   "objectGroup": "319780fb-3dd7-41b1-b7a7-4344b760b533"
}
[1744977846.496][DEBUG]: DevTools WebSocket Response: Runtime.evaluate (id=60) (session_id=AB05EFBB32E2D16330429566E2B949DF) B6CA9F10457516C8DBA26B0F13A3931A {
   "result": {
      "className": "HTMLDocument",
      "description": "#document",
      "objectId": "-4374113534182405852.2.5",
      "subtype": "node",
      "type": "object"
   }
}
[1744977846.496][DEBUG]: DevTools WebSocket Command: DOM.describeNode (id=61) (session_id=AB05EFBB32E2D16330429566E2B949DF) B6CA9F10457516C8DBA26B0F13A3931A {
   "objectId": "-4374113534182405852.2.5"
}
[1744977846.496][DEBUG]: DevTools WebSocket Response: DOM.describeNode (id=61) (session_id=AB05EFBB32E2D16330429566E2B949DF) B6CA9F10457516C8DBA26B0F13A3931A {
   "node": {
      "backendNodeId": 128,
      "baseURL": "https://ultimateqa.com/complicated-page",
      "childNodeCount": 3,
      "compatibilityMode": "NoQuirksMode",
      "documentURL": "https://ultimateqa.com/complicated-page",
      "isScrollable": true,
      "localName": "",
      "nodeId": 0,
      "nodeName": "#document",
      "nodeType": 9,
      "nodeValue": "",
      "xmlVersion": ""
   }
}
[1744977846.496][DEBUG]: DevTools WebSocket Command: Runtime.releaseObjectGroup (id=62) (session_id=AB05EFBB32E2D16330429566E2B949DF) B6CA9F10457516C8DBA26B0F13A3931A {
   "objectGroup": "319780fb-3dd7-41b1-b7a7-4344b760b533"
}
[1744977846.496][DEBUG]: DevTools WebSocket Command: Runtime.evaluate (id=63) (session_id=AB05EFBB32E2D16330429566E2B949DF) B6CA9F10457516C8DBA26B0F13A3931A {
   "awaitPromise": false,
   "expression": "document.readyState",
   "returnByValue": true,
   "uniqueContextId": "-9080663590392398606.491732678573695337"
}
[1744977846.496][DEBUG]: DevTools WebSocket Response: Runtime.releaseObjectGroup (id=62) (session_id=AB05EFBB32E2D16330429566E2B949DF) B6CA9F10457516C8DBA26B0F13A3931A {
}
[1744977846.496][DEBUG]: DevTools WebSocket Response: Runtime.evaluate (id=63) (session_id=AB05EFBB32E2D16330429566E2B949DF) B6CA9F10457516C8DBA26B0F13A3931A {
   "result": {
      "type": "string",
      "value": "interactive"
   }
}
[1744977846.690][DEBUG]: DevTools WebSocket Event: Page.frameAttached (session_id=AB05EFBB32E2D16330429566E2B949DF) B6CA9F10457516C8DBA26B0F13A3931A {
   "frameId": "0F3A88E700445EB788FAF948BA9C622B",
   "parentFrameId": "B6CA9F10457516C8DBA26B0F13A3931A",
   "stack": {
      "callFrames": [ {
         "columnNumber": 23,
         "functionName": "",
         "lineNumber": 292,
         "scriptId": "94",
         "url": "https://www.gstatic.com/recaptcha/releases/hbAq-YhJxOnlU-7cpgBoAJHb/recaptcha__en.js"
      }, {
         "columnNumber": 98,
         "functionName": "",
         "lineNumber": 419,
         "scriptId": "94",
         "url": "https://www.gstatic.com/recaptcha/releases/hbAq-YhJxOnlU-7cpgBoAJHb/recaptcha__en.js"
      }, {
         "columnNumber": 171,
         "functionName": "",
         "lineNumber": 218,
         "scriptId": "94",
         "url": "https://www.gstatic.com/recaptcha/releases/hbAq-YhJxOnlU-7cpgBoAJHb/recaptcha__en.js"
      }, {
         "columnNumber": 385,
         "functionName": "",
         "lineNumber": 415,
         "scriptId": "94",
         "url": "https://www.gstatic.com/recaptcha/releases/hbAq-YhJxOnlU-7cpgBoAJHb/recaptcha__en.js"
      }, {
         "columnNumber": 156,
         "functionName": "c.next",
         "lineNumber": 424,
         "scriptId": "94",
         "url": "https://www.gstatic.com/recaptcha/releases/hbAq-YhJxOnlU-7cpgBoAJHb/recaptcha__en.js"
      }, {
         "columnNumber": 214,
         "functionName": "",
         "lineNumber": 62,
         "scriptId": "94",
         "url": "https://www.gstatic.com/recaptcha/releases/hbAq-YhJxOnlU-7cpgBoAJHb/recaptcha__en.js"
      }, {
         "columnNumber": 107,
         "functionName": "",
         "lineNumber": 62,
         "scriptId": "94",
         "url": "https://www.gstatic.com/recaptcha/releases/hbAq-YhJxOnlU-7cpgBoAJHb/recaptcha__en.js"
      }, {
         "columnNumber": 175,
         "functionName": "",
         "lineNumber": 279,
         "scriptId": "94",
         "url": "https://www.gstatic.com/recaptcha/releases/hbAq-YhJxOnlU-7cpgBoAJHb/recaptcha__en.js"
      }, {
         "columnNumber": 93,
         "functionName": "",
         "lineNumber": 218,
         "scriptId": "94",
         "url": "https://www.gstatic.com/recaptcha/releases/hbAq-YhJxOnlU-7cpgBoAJHb/recaptcha__en.js"
      }, {
         "columnNumber": 109,
         "functionName": "",
         "lineNumber": 136,
         "scriptId": "94",
         "url": "https://www.gstatic.com/recaptcha/releases/hbAq-YhJxOnlU-7cpgBoAJHb/recaptcha__en.js"
      }, {
         "columnNumber": 385,
         "functionName": "",
         "lineNumber": 415,
         "scriptId": "94",
         "url": "https://www.gstatic.com/recaptcha/releases/hbAq-YhJxOnlU-7cpgBoAJHb/recaptcha__en.js"
      }, {
         "columnNumber": 156,
         "functionName": "c.next",
         "lineNumber": 424,
         "scriptId": "94",
         "url": "https://www.gstatic.com/recaptcha/releases/hbAq-YhJxOnlU-7cpgBoAJHb/recaptcha__en.js"
      }, {
         "columnNumber": 214,
         "functionName": "",
         "lineNumber": 62,
         "scriptId": "94",
         "url": "https://www.gstatic.com/recaptcha/releases/hbAq-YhJxOnlU-7cpgBoAJHb/recaptcha__en.js"
      }, {
         "columnNumber": 107,
         "functionName": "",
         "lineNumber": 62,
         "scriptId": "94",
         "url": "https://www.gstatic.com/recaptcha/releases/hbAq-YhJxOnlU-7cpgBoAJHb/recaptcha__en.js"
      }, {
         "columnNumber": 175,
         "functionName": "",
         "lineNumber": 279,
         "scriptId": "94",
         "url": "https://www.gstatic.com/recaptcha/releases/hbAq-YhJxOnlU-7cpgBoAJHb/recaptcha__en.js"
      }, {
         "columnNumber": 36,
         "functionName": "",
         "lineNumber": 136,
         "scriptId": "94",
         "url": "https://www.gstatic.com/recaptcha/releases/hbAq-YhJxOnlU-7cpgBoAJHb/recaptcha__en.js"
      }, {
         "columnNumber": 48,
         "functionName": "",
         "lineNumber": 1000,
         "scriptId": "94",
         "url": "https://www.gstatic.com/recaptcha/releases/hbAq-YhJxOnlU-7cpgBoAJHb/recaptcha__en.js"
      }, {
         "columnNumber": 385,
         "functionName": "",
         "lineNumber": 415,
         "scriptId": "94",
         "url": "https://www.gstatic.com/recaptcha/releases/hbAq-YhJxOnlU-7cpgBoAJHb/recaptcha__en.js"
      }, {
         "columnNumber": 156,
         "functionName": "c.next",
         "lineNumber": 424,
         "scriptId": "94",
         "url": "https://www.gstatic.com/recaptcha/releases/hbAq-YhJxOnlU-7cpgBoAJHb/recaptcha__en.js"
      }, "..." ]
   }
}
[1744977846.690][DEBUG]: DevTools WebSocket Event: Page.frameRequestedNavigation (session_id=AB05EFBB32E2D16330429566E2B949DF) B6CA9F10457516C8DBA26B0F13A3931A {
   "disposition": "currentTab",
   "frameId": "0F3A88E700445EB788FAF948BA9C622B",
   "reason": "initialFrameNavigation",
   "url": "about:blank"
}
[1744977846.690][DEBUG]: DevTools WebSocket Event: Page.frameNavigated (session_id=AB05EFBB32E2D16330429566E2B949DF) B6CA9F10457516C8DBA26B0F13A3931A {
   "frame": {
      "adFrameStatus": {
         "adFrameType": "none",
         "explanations": [  ]
      },
      "crossOriginIsolatedContextType": "NotIsolated",
      "domainAndRegistry": "",
      "gatedAPIFeatures": [  ],
      "id": "0F3A88E700445EB788FAF948BA9C622B",
      "loaderId": "4E0A9B9E6069CBE70E7997794F4AC8C8",
      "mimeType": "text/html",
      "name": "",
      "parentId": "B6CA9F10457516C8DBA26B0F13A3931A",
      "secureContextType": "Secure",
      "securityOrigin": "://",
      "securityOriginDetails": {
         "isLocalhost": false
      },
      "url": "about:blank"
   },
   "type": "Navigation"
}
[1744977846.690][DEBUG]: DevTools WebSocket Event: Page.frameStartedLoading (session_id=AB05EFBB32E2D16330429566E2B949DF) B6CA9F10457516C8DBA26B0F13A3931A {
   "frameId": "0F3A88E700445EB788FAF948BA9C622B"
}
[1744977846.690][DEBUG]: DevTools WebSocket Command: Runtime.evaluate (id=64) (session_id=AB05EFBB32E2D16330429566E2B949DF) B6CA9F10457516C8DBA26B0F13A3931A {
   "expression": "1"
}
[1744977846.690][DEBUG]: DevTools WebSocket Event: Runtime.executionContextCreated (session_id=AB05EFBB32E2D16330429566E2B949DF) B6CA9F10457516C8DBA26B0F13A3931A {
   "context": {
      "auxData": {
         "frameId": "0F3A88E700445EB788FAF948BA9C622B",
         "isDefault": true,
         "type": "default"
      },
      "id": 3,
      "name": "",
      "origin": "https://ultimateqa.com",
      "uniqueId": "884528351137126551.-2783124779287610075"
   }
}
[1744977846.690][DEBUG]: DevTools WebSocket Event: Page.frameStoppedLoading (session_id=AB05EFBB32E2D16330429566E2B949DF) B6CA9F10457516C8DBA26B0F13A3931A {
   "frameId": "0F3A88E700445EB788FAF948BA9C622B"
}
[1744977846.692][DEBUG]: DevTools WebSocket Response: Runtime.evaluate (id=64) (session_id=AB05EFBB32E2D16330429566E2B949DF) B6CA9F10457516C8DBA26B0F13A3931A {
   "result": {
      "description": "1",
      "type": "number",
      "value": 1
   }
}
[1744977846.699][DEBUG]: DevTools WebSocket Event: Page.domContentEventFired (session_id=1CE66E8C0619848B53E56919189B2A1E) 1CE66E8C0619848B53E56919189B2A1E {
   "timestamp": 448927.885071
}
[1744977846.699][DEBUG]: DevTools WebSocket Command: Runtime.evaluate (id=65) (session_id=AB05EFBB32E2D16330429566E2B949DF) B6CA9F10457516C8DBA26B0F13A3931A {
   "expression": "1"
}
[1744977846.699][DEBUG]: DevTools WebSocket Response: Runtime.evaluate (id=65) (session_id=AB05EFBB32E2D16330429566E2B949DF) B6CA9F10457516C8DBA26B0F13A3931A {
   "result": {
      "description": "1",
      "type": "number",
      "value": 1
   }
}
[1744977846.838][DEBUG]: DevTools WebSocket Event: Target.attachedToTarget (session_id=1CE66E8C0619848B53E56919189B2A1E) 1CE66E8C0619848B53E56919189B2A1E {
   "sessionId": "39BACCC55617F6E41AC96FDE41EB3AC9",
   "targetInfo": {
      "attached": true,
      "browserContextId": "AB73C6EB82C13D3A795C8028D034F0CE",
      "canAccessOpener": false,
      "targetId": "421147E63193A27B5FB8E76550F94C35",
      "title": "https://www.google.com/recaptcha/api2/webworker.js?hl=en&v=hbAq-YhJxOnlU-7cpgBoAJHb",
      "type": "worker",
      "url": "https://www.google.com/recaptcha/api2/webworker.js?hl=en&v=hbAq-YhJxOnlU-7cpgBoAJHb"
   },
   "waitingForDebugger": false
}
[1744977846.838][DEBUG]: DevTools WebSocket Command: Runtime.evaluate (id=66) (session_id=AB05EFBB32E2D16330429566E2B949DF) B6CA9F10457516C8DBA26B0F13A3931A {
   "expression": "1"
}
[1744977846.839][DEBUG]: DevTools WebSocket Response: Runtime.evaluate (id=66) (session_id=AB05EFBB32E2D16330429566E2B949DF) B6CA9F10457516C8DBA26B0F13A3931A {
   "result": {
      "description": "1",
      "type": "number",
      "value": 1
   }
}
[1744977846.961][DEBUG]: DevTools WebSocket Event: Page.frameAttached (session_id=1CE66E8C0619848B53E56919189B2A1E) 1CE66E8C0619848B53E56919189B2A1E {
   "frameId": "D643937CBA7C9E4A67FF3AAE0CB1DB7A",
   "parentFrameId": "BE2E2D8E21CF170138158FF222F51776",
   "stack": {
      "callFrames": [ {
         "columnNumber": 23,
         "functionName": "",
         "lineNumber": 292,
         "scriptId": "6",
         "url": "https://www.gstatic.com/recaptcha/releases/hbAq-YhJxOnlU-7cpgBoAJHb/recaptcha__en.js"
      }, {
         "columnNumber": 128,
         "functionName": "",
         "lineNumber": 804,
         "scriptId": "6",
         "url": "https://www.gstatic.com/recaptcha/releases/hbAq-YhJxOnlU-7cpgBoAJHb/recaptcha__en.js"
      }, {
         "columnNumber": 197,
         "functionName": "",
         "lineNumber": 752,
         "scriptId": "6",
         "url": "https://www.gstatic.com/recaptcha/releases/hbAq-YhJxOnlU-7cpgBoAJHb/recaptcha__en.js"
      }, {
         "columnNumber": 255,
         "functionName": "",
         "lineNumber": 118,
         "scriptId": "6",
         "url": "https://www.gstatic.com/recaptcha/releases/hbAq-YhJxOnlU-7cpgBoAJHb/recaptcha__en.js"
      }, {
         "columnNumber": 519,
         "functionName": "",
         "lineNumber": 405,
         "scriptId": "6",
         "url": "https://www.gstatic.com/recaptcha/releases/hbAq-YhJxOnlU-7cpgBoAJHb/recaptcha__en.js"
      }, {
         "columnNumber": 226,
         "functionName": "",
         "lineNumber": 317,
         "scriptId": "6",
         "url": "https://www.gstatic.com/recaptcha/releases/hbAq-YhJxOnlU-7cpgBoAJHb/recaptcha__en.js"
      }, {
         "columnNumber": 72,
         "functionName": "",
         "lineNumber": 401,
         "scriptId": "6",
         "url": "https://www.gstatic.com/recaptcha/releases/hbAq-YhJxOnlU-7cpgBoAJHb/recaptcha__en.js"
      }, {
         "columnNumber": 385,
         "functionName": "",
         "lineNumber": 415,
         "scriptId": "6",
         "url": "https://www.gstatic.com/recaptcha/releases/hbAq-YhJxOnlU-7cpgBoAJHb/recaptcha__en.js"
      }, {
         "columnNumber": 156,
         "functionName": "c.next",
         "lineNumber": 424,
         "scriptId": "6",
         "url": "https://www.gstatic.com/recaptcha/releases/hbAq-YhJxOnlU-7cpgBoAJHb/recaptcha__en.js"
      }, {
         "columnNumber": 214,
         "functionName": "",
         "lineNumber": 62,
         "scriptId": "6",
         "url": "https://www.gstatic.com/recaptcha/releases/hbAq-YhJxOnlU-7cpgBoAJHb/recaptcha__en.js"
      }, {
         "columnNumber": 107,
         "functionName": "",
         "lineNumber": 62,
         "scriptId": "6",
         "url": "https://www.gstatic.com/recaptcha/releases/hbAq-YhJxOnlU-7cpgBoAJHb/recaptcha__en.js"
      }, {
         "columnNumber": 175,
         "functionName": "",
         "lineNumber": 279,
         "scriptId": "6",
         "url": "https://www.gstatic.com/recaptcha/releases/hbAq-YhJxOnlU-7cpgBoAJHb/recaptcha__en.js"
      }, {
         "columnNumber": 431,
         "functionName": "y.K",
         "lineNumber": 400,
         "scriptId": "6",
         "url": "https://www.gstatic.com/recaptcha/releases/hbAq-YhJxOnlU-7cpgBoAJHb/recaptcha__en.js"
      }, {
         "columnNumber": 27,
         "functionName": "",
         "lineNumber": 406,
         "scriptId": "6",
         "url": "https://www.gstatic.com/recaptcha/releases/hbAq-YhJxOnlU-7cpgBoAJHb/recaptcha__en.js"
      }, {
         "columnNumber": 385,
         "functionName": "",
         "lineNumber": 415,
         "scriptId": "6",
         "url": "https://www.gstatic.com/recaptcha/releases/hbAq-YhJxOnlU-7cpgBoAJHb/recaptcha__en.js"
      }, {
         "columnNumber": 156,
         "functionName": "c.next",
         "lineNumber": 424,
         "scriptId": "6",
         "url": "https://www.gstatic.com/recaptcha/releases/hbAq-YhJxOnlU-7cpgBoAJHb/recaptcha__en.js"
      }, {
         "columnNumber": 214,
         "functionName": "",
         "lineNumber": 62,
         "scriptId": "6",
         "url": "https://www.gstatic.com/recaptcha/releases/hbAq-YhJxOnlU-7cpgBoAJHb/recaptcha__en.js"
      }, {
         "columnNumber": 107,
         "functionName": "",
         "lineNumber": 62,
         "scriptId": "6",
         "url": "https://www.gstatic.com/recaptcha/releases/hbAq-YhJxOnlU-7cpgBoAJHb/recaptcha__en.js"
      }, {
         "columnNumber": 175,
         "functionName": "",
         "lineNumber": 279,
         "scriptId": "6",
         "url": "https://www.gstatic.com/recaptcha/releases/hbAq-YhJxOnlU-7cpgBoAJHb/recaptcha__en.js"
      }, "..." ]
   }
}
[1744977846.961][DEBUG]: DevTools WebSocket Event: Page.frameRequestedNavigation (session_id=1CE66E8C0619848B53E56919189B2A1E) 1CE66E8C0619848B53E56919189B2A1E {
   "disposition": "currentTab",
   "frameId": "D643937CBA7C9E4A67FF3AAE0CB1DB7A",
   "reason": "initialFrameNavigation",
   "url": "about:blank"
}
[1744977846.961][DEBUG]: DevTools WebSocket Event: Page.frameNavigated (session_id=1CE66E8C0619848B53E56919189B2A1E) 1CE66E8C0619848B53E56919189B2A1E {
   "frame": {
      "adFrameStatus": {
         "adFrameType": "none",
         "explanations": [  ]
      },
      "crossOriginIsolatedContextType": "NotIsolatedFeatureDisabled",
      "domainAndRegistry": "",
      "gatedAPIFeatures": [  ],
      "id": "D643937CBA7C9E4A67FF3AAE0CB1DB7A",
      "loaderId": "43C8369607636161BA761E8034D3492E",
      "mimeType": "text/html",
      "name": "",
      "parentId": "BE2E2D8E21CF170138158FF222F51776",
      "secureContextType": "Secure",
      "securityOrigin": "://",
      "securityOriginDetails": {
         "isLocalhost": false
      },
      "url": "about:blank"
   },
   "type": "Navigation"
}
[1744977846.961][DEBUG]: DevTools WebSocket Event: Page.frameStartedLoading (session_id=1CE66E8C0619848B53E56919189B2A1E) 1CE66E8C0619848B53E56919189B2A1E {
   "frameId": "D643937CBA7C9E4A67FF3AAE0CB1DB7A"
}
[1744977846.961][DEBUG]: DevTools WebSocket Command: Runtime.evaluate (id=67) (session_id=AB05EFBB32E2D16330429566E2B949DF) B6CA9F10457516C8DBA26B0F13A3931A {
   "expression": "1"
}
[1744977846.962][DEBUG]: DevTools WebSocket Response: Runtime.evaluate (id=67) (session_id=AB05EFBB32E2D16330429566E2B949DF) B6CA9F10457516C8DBA26B0F13A3931A {
   "result": {
      "description": "1",
      "type": "number",
      "value": 1
   }
}
[1744977846.966][DEBUG]: DevTools WebSocket Event: Runtime.executionContextCreated (session_id=1CE66E8C0619848B53E56919189B2A1E) 1CE66E8C0619848B53E56919189B2A1E {
   "context": {
      "auxData": {
         "frameId": "D643937CBA7C9E4A67FF3AAE0CB1DB7A",
         "isDefault": true,
         "type": "default"
      },
      "id": 2,
      "name": "",
      "origin": "https://www.google.com",
      "uniqueId": "-6770612707585610815.-5079518816972698304"
   }
}
[1744977846.966][DEBUG]: DevTools WebSocket Event: Page.frameStoppedLoading (session_id=1CE66E8C0619848B53E56919189B2A1E) 1CE66E8C0619848B53E56919189B2A1E {
   "frameId": "D643937CBA7C9E4A67FF3AAE0CB1DB7A"
}
[1744977846.966][DEBUG]: DevTools WebSocket Command: Runtime.evaluate (id=68) (session_id=AB05EFBB32E2D16330429566E2B949DF) B6CA9F10457516C8DBA26B0F13A3931A {
   "expression": "1"
}
[1744977846.971][DEBUG]: DevTools WebSocket Response: Runtime.evaluate (id=68) (session_id=AB05EFBB32E2D16330429566E2B949DF) B6CA9F10457516C8DBA26B0F13A3931A {
   "result": {
      "description": "1",
      "type": "number",
      "value": 1
   }
}
[1744977847.070][DEBUG]: DevTools WebSocket Event: Page.loadEventFired (session_id=1CE66E8C0619848B53E56919189B2A1E) 1CE66E8C0619848B53E56919189B2A1E {
   "timestamp": 448928.255559
}
[1744977847.070][DEBUG]: DevTools WebSocket Event: Page.frameStoppedLoading (session_id=1CE66E8C0619848B53E56919189B2A1E) 1CE66E8C0619848B53E56919189B2A1E {
   "frameId": "BE2E2D8E21CF170138158FF222F51776"
}
[1744977847.070][DEBUG]: DevTools WebSocket Command: Runtime.evaluate (id=69) (session_id=AB05EFBB32E2D16330429566E2B949DF) B6CA9F10457516C8DBA26B0F13A3931A {
   "expression": "1"
}
[1744977847.071][DEBUG]: DevTools WebSocket Event: Page.loadEventFired (session_id=AB05EFBB32E2D16330429566E2B949DF) B6CA9F10457516C8DBA26B0F13A3931A {
   "timestamp": 448928.256676
}
[1744977847.071][DEBUG]: DevTools WebSocket Command: Runtime.evaluate (id=70) (session_id=AB05EFBB32E2D16330429566E2B949DF) B6CA9F10457516C8DBA26B0F13A3931A {
   "awaitPromise": false,
   "expression": "document.readyState",
   "returnByValue": true,
   "uniqueContextId": "-9080663590392398606.491732678573695337"
}
[1744977847.071][DEBUG]: DevTools WebSocket Event: Page.frameStoppedLoading (session_id=AB05EFBB32E2D16330429566E2B949DF) B6CA9F10457516C8DBA26B0F13A3931A {
   "frameId": "B6CA9F10457516C8DBA26B0F13A3931A"
}
[1744977847.071][DEBUG]: DevTools WebSocket Response: Runtime.evaluate (id=69) (session_id=AB05EFBB32E2D16330429566E2B949DF) B6CA9F10457516C8DBA26B0F13A3931A {
   "result": {
      "description": "1",
      "type": "number",
      "value": 1
   }
}
[1744977847.071][DEBUG]: DevTools WebSocket Response: Runtime.evaluate (id=70) (session_id=AB05EFBB32E2D16330429566E2B949DF) B6CA9F10457516C8DBA26B0F13A3931A {
   "result": {
      "type": "string",
      "value": "complete"
   }
}
[1744977847.071][INFO]: Done waiting for pending navigations. Status: ok
[1744977847.071][INFO]: [ee37cfa0bc58cd51f9b7fe744b794ee3] RESPONSE Navigate
[1744977847.074][INFO]: [ee37cfa0bc58cd51f9b7fe744b794ee3] COMMAND FindElements {
   "using": "css selector",
   "value": "body"
}
[1744977847.074][INFO]: Waiting for pending navigations...
[1744977847.074][DEBUG]: DevTools WebSocket Command: Runtime.evaluate (id=71) (session_id=AB05EFBB32E2D16330429566E2B949DF) B6CA9F10457516C8DBA26B0F13A3931A {
   "expression": "1"
}
[1744977847.075][DEBUG]: DevTools WebSocket Response: Runtime.evaluate (id=71) (session_id=AB05EFBB32E2D16330429566E2B949DF) B6CA9F10457516C8DBA26B0F13A3931A {
   "result": {
      "description": "1",
      "type": "number",
      "value": 1
   }
}
[1744977847.075][INFO]: Done waiting for pending navigations. Status: ok
[1744977847.075][DEBUG]: DevTools WebSocket Command: Page.getFrameTree (id=72) (session_id=AB05EFBB32E2D16330429566E2B949DF) B6CA9F10457516C8DBA26B0F13A3931A {
}
[1744977847.075][DEBUG]: DevTools WebSocket Response: Page.getFrameTree (id=72) (session_id=AB05EFBB32E2D16330429566E2B949DF) B6CA9F10457516C8DBA26B0F13A3931A {
   "frameTree": {
      "childFrames": [ {
         "frame": {
            "adFrameStatus": {
               "adFrameType": "none",
               "explanations": [  ]
            },
            "crossOriginIsolatedContextType": "NotIsolated",
            "domainAndRegistry": "",
            "gatedAPIFeatures": [  ],
            "id": "0F3A88E700445EB788FAF948BA9C622B",
            "loaderId": "4E0A9B9E6069CBE70E7997794F4AC8C8",
            "mimeType": "text/html",
            "name": "",
            "parentId": "B6CA9F10457516C8DBA26B0F13A3931A",
            "secureContextType": "Secure",
            "securityOrigin": "://",
            "securityOriginDetails": {
               "isLocalhost": false
            },
            "url": "about:blank"
         }
      } ],
      "frame": {
         "adFrameStatus": {
            "adFrameType": "none"
         },
         "crossOriginIsolatedContextType": "NotIsolated",
         "domainAndRegistry": "ultimateqa.com",
         "gatedAPIFeatures": [  ],
         "id": "B6CA9F10457516C8DBA26B0F13A3931A",
         "loaderId": "18365E9A661D662B924702BE68D58A8E",
         "mimeType": "text/html",
         "secureContextType": "Secure",
         "securityOrigin": "https://ultimateqa.com",
         "securityOriginDetails": {
            "isLocalhost": false
         },
         "url": "https://ultimateqa.com/complicated-page"
      }
   }
}
[1744977847.075][DEBUG]: DevTools WebSocket Command: Page.getFrameTree (id=73) (session_id=AB05EFBB32E2D16330429566E2B949DF) B6CA9F10457516C8DBA26B0F13A3931A {
}
[1744977847.075][DEBUG]: DevTools WebSocket Response: Page.getFrameTree (id=73) (session_id=AB05EFBB32E2D16330429566E2B949DF) B6CA9F10457516C8DBA26B0F13A3931A {
   "frameTree": {
      "childFrames": [ {
         "frame": {
            "adFrameStatus": {
               "adFrameType": "none",
               "explanations": [  ]
            },
            "crossOriginIsolatedContextType": "NotIsolated",
            "domainAndRegistry": "",
            "gatedAPIFeatures": [  ],
            "id": "0F3A88E700445EB788FAF948BA9C622B",
            "loaderId": "4E0A9B9E6069CBE70E7997794F4AC8C8",
            "mimeType": "text/html",
            "name": "",
            "parentId": "B6CA9F10457516C8DBA26B0F13A3931A",
            "secureContextType": "Secure",
            "securityOrigin": "://",
            "securityOriginDetails": {
               "isLocalhost": false
            },
            "url": "about:blank"
         }
      } ],
      "frame": {
         "adFrameStatus": {
            "adFrameType": "none"
         },
         "crossOriginIsolatedContextType": "NotIsolated",
         "domainAndRegistry": "ultimateqa.com",
         "gatedAPIFeatures": [  ],
         "id": "B6CA9F10457516C8DBA26B0F13A3931A",
         "loaderId": "18365E9A661D662B924702BE68D58A8E",
         "mimeType": "text/html",
         "secureContextType": "Secure",
         "securityOrigin": "https://ultimateqa.com",
         "securityOriginDetails": {
            "isLocalhost": false
         },
         "url": "https://ultimateqa.com/complicated-page"
      }
   }
}
[1744977847.076][DEBUG]: DevTools WebSocket Command: Runtime.callFunctionOn (id=74) (session_id=AB05EFBB32E2D16330429566E2B949DF) B6CA9F10457516C8DBA26B0F13A3931A {
   "arguments": [  ],
   "awaitPromise": true,
   "functionDeclaration": "function(){ return (function() { // Copyright 2012 The Chromium Authors\n// Use of this source code is governed by a BSD-style license that can be\n// found in the LICENSE file.\n\n/**\n * Enum for WebD...",
   "serializationOptions": {
      "serialization": "deep"
   },
   "uniqueContextId": "-9080663590392398606.491732678573695337"
}
[1744977847.079][DEBUG]: DevTools WebSocket Response: Runtime.callFunctionOn (id=74) (session_id=AB05EFBB32E2D16330429566E2B949DF) B6CA9F10457516C8DBA26B0F13A3931A {
   "result": {
      "className": "Array",
      "deepSerializedValue": {
         "type": "array",
         "value": [ {
            "type": "string",
            "value": "{\"status\":0,\"value\":[{\"element-6066-11e4-a52e-4f735466cecf\":0}]}"
         }, {
            "type": "node",
            "value": {
               "attributes": {
                  "class": "wp-singular page-template-default page page-id-579 wp-theme-Divi et-tb-has-template et-tb-has-header et-tb-has-footer et_button_icon_visible et_button_no_icon et_button_custom_icon et_pb_button_hel..."
               },
               "backendNodeId": 132,
               "childNodeCount": 97,
               "loaderId": "18365E9A661D662B924702BE68D58A8E",
               "localName": "body",
               "namespaceURI": "http://www.w3.org/1999/xhtml",
               "nodeType": 1,
               "shadowRoot": null
            }
         } ]
      },
      "description": "Array(2)",
      "objectId": "-4374113534182405852.2.6",
      "subtype": "array",
      "type": "object"
   }
}
[1744977847.079][INFO]: Waiting for pending navigations...
[1744977847.079][DEBUG]: DevTools WebSocket Command: Runtime.evaluate (id=75) (session_id=AB05EFBB32E2D16330429566E2B949DF) B6CA9F10457516C8DBA26B0F13A3931A {
   "expression": "1"
}
[1744977847.079][DEBUG]: DevTools WebSocket Response: Runtime.evaluate (id=75) (session_id=AB05EFBB32E2D16330429566E2B949DF) B6CA9F10457516C8DBA26B0F13A3931A {
   "result": {
      "description": "1",
      "type": "number",
      "value": 1
   }
}
[1744977847.079][INFO]: Done waiting for pending navigations. Status: ok
[1744977847.079][INFO]: [ee37cfa0bc58cd51f9b7fe744b794ee3] RESPONSE FindElements [ {
   "element-6066-11e4-a52e-4f735466cecf": "f.B6CA9F10457516C8DBA26B0F13A3931A.d.18365E9A661D662B924702BE68D58A8E.e.132"
} ]
[1744977847.080][INFO]: [ee37cfa0bc58cd51f9b7fe744b794ee3] COMMAND ExecuteScript {
   "args": [ {
      "ELEMENT": "f.B6CA9F10457516C8DBA26B0F13A3931A.d.18365E9A661D662B924702BE68D58A8E.e.132",
      "element-6066-11e4-a52e-4f735466cecf": "f.B6CA9F10457516C8DBA26B0F13A3931A.d.18365E9A661D662B924702BE68D58A8E.e.132"
   } ],
   "script": "/* isDisplayed */return (function(){return (function(){var g=this||self;\nfunction aa(a){var b=typeof a;if(\"object\"==b)if(a){if(a instanceof Array)return\"array\";if(a instanceof Object)return b;var c=Object.prototype.toString.call(a);if(\"[object Window]\"==c)return\"object\";if(\"[object Array]\"==c||\"number\"==typeof a.length&&\"undefined\"!=typeof a.splice&&\"undefined\"!=typeof a.propertyIsEnumerable&&!a.propertyIsEnumerable(\"splice\"))return\"array\";if(\"[object Function]\"==c||\"undefined\"!=typeof a.call&&\"undefined\"!=typeof a.propertyIsEnumerable&&!a.propertyIsEnumerable(\"call\"))return\"function\"}else return\"null\";else if(\"function\"==\nb&&\"undefined\"==typeof a.call)return\"object\";return b}function ca(a,b){function c(){}c.prototype=b.prototype;a.prototype=new c;a.prototype.constructor=a};var da=Array.prototype.indexOf?function(a,b){return Array.prototype.indexOf.call(a,b,void 0)}:function(a,b){if(\"string\"===typeof a)return\"string\"!==typeof b||1!=b.length?-1:a.indexOf(b,0);for(var c=0;c\u003Ca.length;c++)if(c in a&&a[c]===b)return c;return-1},ea=Array.prototype.some?function(a,b){return Array.prototype.some.call(a,b,void 0)}:function(a,b){for(var c=a.length,e=\"string\"===typeof a?a.split(\"\"):a,d=0;d\u003Cc;d++)if(d in e&&b.call(void 0,e[d],d,a))return!0;return!1},fa=Array.prototype.every?function(a,\nb){return Array.prototype.every.call(a,b,void 0)}:function(a,b){for(var c=a.length,e=\"string\"===typeof a?a.split(\"\"):a,d=0;d\u003Cc;d++)if(d in e&&!b.call(void 0,e[d],d,a))return!1;return!0};var ha={aliceblue:\"#f0f8ff\",antiquewhite:\"#faebd7\",aqua:\"#00ffff\",aquamarine:\"#7fffd4\",azure:\"#f0ffff\",beige:\"#f5f5dc\",bisque:\"#ffe4c4\",black:\"#000000\",blanchedalmond:\"#ffebcd\",blue:\"#0000ff\",blueviolet:\"#8a2be2\",brown:\"#a52a2a\",burlywood:\"#deb887\",cadetblue:\"#5f9ea0\",chartreuse:\"#7fff00\",chocolate:\"#d2691e\",coral:\"#ff7f50\",cornflowerblue:\"#6495ed\",cornsilk:\"#fff8dc\",crimson:\"#dc143c\",cyan:\"#00ffff\",darkblue:\"#00008b\",darkcyan:\"#008b8b\",darkgoldenrod:\"#b8860b\",darkgray:\"#a9a9a9\",darkgreen:\"#006400\",\ndarkgrey:\"#a9a9a9\",darkkhaki:\"#bdb76b\",darkmagenta:\"#8b008b\",darkolivegreen:\"#556b2f\",darkorange:\"#ff8c00\",darkorchid:\"#9932cc\",darkred:\"#8b0000\",darksalmon:\"#e9967a\",darkseagreen:\"#8fbc8f\",darkslateblue:\"#483d8b\",darkslategray:\"#2f4f4f\",darkslategrey:\"#2f4f4f\",darkturquoise:\"#00ced1\",darkviolet:\"#9400d3\",deeppink:\"#ff1493\",deepskyblue:\"#00bfff\",dimgray:\"#696969\",dimgrey:\"#696969\",dodgerblue:\"#1e90ff\",firebrick:\"#b22222\",floralwhite:\"#fffaf0\",forestgreen:\"#228b22\",fuchsia:\"#ff00ff\",gainsboro:\"#dcdcdc\",\nghostwhite:\"#f8f8ff\",gold:\"#ffd700\",goldenrod:\"#daa520\",gray:\"#808080\",green:\"#008000\",greenyellow:\"#adff2f\",grey:\"#808080\",honeydew:\"#f0fff0\",hotpink:\"#ff69b4\",indianred:\"#cd5c5c\",indigo:\"#4b0082\",ivory:\"#fffff0\",khaki:\"#f0e68c\",lavender:\"#e6e6fa\",lavenderblush:\"#fff0f5\",lawngreen:\"#7cfc00\",lemonchiffon:\"#fffacd\",lightblue:\"#add8e6\",lightcoral:\"#f08080\",lightcyan:\"#e0ffff\",lightgoldenrodyellow:\"#fafad2\",lightgray:\"#d3d3d3\",lightgreen:\"#90ee90\",lightgrey:\"#d3d3d3\",lightpink:\"#ffb6c1\",lightsalmon:\"#ffa07a\",\nlightseagreen:\"#20b2aa\",lightskyblue:\"#87cefa\",lightslategray:\"#778899\",lightslategrey:\"#778899\",lightsteelblue:\"#b0c4de\",lightyellow:\"#ffffe0\",lime:\"#00ff00\",limegreen:\"#32cd32\",linen:\"#faf0e6\",magenta:\"#ff00ff\",maroon:\"#800000\",mediumaquamarine:\"#66cdaa\",mediumblue:\"#0000cd\",mediumorchid:\"#ba55d3\",mediumpurple:\"#9370db\",mediumseagreen:\"#3cb371\",mediumslateblue:\"#7b68ee\",mediumspringgreen:\"#00fa9a\",mediumturquoise:\"#48d1cc\",mediumvioletred:\"#c71585\",midnightblue:\"#191970\",mintcream:\"#f5fffa\",mistyrose:\"#ffe4e1\",\nmoccasin:\"#ffe4b5\",navajowhite:\"#ffdead\",navy:\"#000080\",oldlace:\"#fdf5e6\",olive:\"#808000\",olivedrab:\"#6b8e23\",orange:\"#ffa500\",orangered:\"#ff4500\",orchid:\"#da70d6\",palegoldenrod:\"#eee8aa\",palegreen:\"#98fb98\",paleturquoise:\"#afeeee\",palevioletred:\"#db7093\",papayawhip:\"#ffefd5\",peachpuff:\"#ffdab9\",peru:\"#cd853f\",pink:\"#ffc0cb\",plum:\"#dda0dd\",powderblue:\"#b0e0e6\",purple:\"#800080\",red:\"#ff0000\",rosybrown:\"#bc8f8f\",royalblue:\"#4169e1\",saddlebrown:\"#8b4513\",salmon:\"#fa8072\",sandybrown:\"#f4a460\",seagreen:\"#2e8b57\",\nseashell:\"#fff5ee\",sienna:\"#a0522d\",silver:\"#c0c0c0\",skyblue:\"#87ceeb\",slateblue:\"#6a5acd\",slategray:\"#708090\",slategrey:\"#708090\",snow:\"#fffafa\",springgreen:\"#00ff7f\",steelblue:\"#4682b4\",tan:\"#d2b48c\",teal:\"#008080\",thistle:\"#d8bfd8\",tomato:\"#ff6347\",turquoise:\"#40e0d0\",violet:\"#ee82ee\",wheat:\"#f5deb3\",white:\"#ffffff\",whitesmoke:\"#f5f5f5\",yellow:\"#ffff00\",yellowgreen:\"#9acd32\"};var ia=\"backgroundColor borderTopColor borderRightColor borderBottomColor borderLeftColor color outlineColor\".split(\" \"),ja=/#([0-9a-fA-F])([0-9a-fA-F])([0-9a-fA-F])/,ka=/^#(?:[0-9a-f]{3}){1,2}$/i,la=/^(?:rgba)?\\((\\d{1,3}),\\s?(\\d{1,3}),\\s?(\\d{1,3}),\\s?(0|1|0\\.\\d*)\\)$/i,ma=/^(?:rgb)?\\((0|[1-9]\\d{0,2}),\\s?(0|[1-9]\\d{0,2}),\\s?(0|[1-9]\\d{0,2})\\)$/i;function m(a,b){this.code=a;this.a=p[a]||r;this.message=b||\"\";a=this.a.replace(/((?:^|\\s+)[a-z])/g,function(c){return c.toUpperCase().replace(/^[\\s\\xa0]+/g,\"\")});b=a.length-5;if(0>b||a.indexOf(\"Error\",b)!=b)a+=\"Error\";this.name=a;a=Error(this.message);a.name=this.name;this.stack=a.stack||\"\"}ca(m,Error);var r=\"unknown error\",p={15:\"element not selectable\",11:\"element not visible\"};p[31]=r;p[30]=r;p[24]=\"invalid cookie domain\";p[29]=\"invalid element coordinates\";p[12]=\"invalid element state\";\np[32]=\"invalid selector\";p[51]=\"invalid selector\";p[52]=\"invalid selector\";p[17]=\"javascript error\";p[405]=\"unsupported operation\";p[34]=\"move target out of bounds\";p[27]=\"no such alert\";p[7]=\"no such element\";p[8]=\"no such frame\";p[23]=\"no such window\";p[28]=\"script timeout\";p[33]=\"session not created\";p[10]=\"stale element reference\";p[21]=\"timeout\";p[25]=\"unable to set cookie\";p[26]=\"unexpected alert open\";p[13]=r;p[9]=\"unknown command\";var u=String.prototype.trim?function(a){return a.trim()}:function(a){return/^[\\s\\xa0]*([\\s\\S]*?)[\\s\\xa0]*$/.exec(a)[1]};\nfunction na(a,b){var c=0;a=u(String(a)).split(\".\");b=u(String(b)).split(\".\");for(var e=Math.max(a.length,b.length),d=0;0==c&&d\u003Ce;d++){var f=a[d]||\"\",h=b[d]||\"\";do{f=/(\\d*)(\\D*)(.*)/.exec(f)||[\"\",\"\",\"\",\"\"];h=/(\\d*)(\\D*)(.*)/.exec(h)||[\"\",\"\",\"\",\"\"];if(0==f[0].length&&0==h[0].length)break;c=v(0==f[1].length?0:parseInt(f[1],10),0==h[1].length?0:parseInt(h[1],10))||v(0==f[2].length,0==h[2].length)||v(f[2],h[2]);f=f[3];h=h[3]}while(0==c)}return c}function v(a,b){return a\u003Cb?-1:a>b?1:0};var w;a:{var oa=g.navigator;if(oa){var sa=oa.userAgent;if(sa){w=sa;break a}}w=\"\"}function x(a){return-1!=w.indexOf(a)};function y(){return x(\"Firefox\")||x(\"FxiOS\")}function A(){return(x(\"Chrome\")||x(\"CriOS\"))&&!x(\"Edge\")};function ta(a){return String(a).replace(/\\-([a-z])/g,function(b,c){return c.toUpperCase()})};function B(){return x(\"iPhone\")&&!x(\"iPod\")&&!x(\"iPad\")};function ua(a,b){var c=va;return Object.prototype.hasOwnProperty.call(c,a)?c[a]:c[a]=b(a)};var wa=x(\"Opera\"),C=x(\"Trident\")||x(\"MSIE\"),xa=x(\"Edge\"),ya=x(\"Gecko\")&&!(-1!=w.toLowerCase().indexOf(\"webkit\")&&!x(\"Edge\"))&&!(x(\"Trident\")||x(\"MSIE\"))&&!x(\"Edge\"),za=-1!=w.toLowerCase().indexOf(\"webkit\")&&!x(\"Edge\");function Aa(){var a=g.document;return a?a.documentMode:void 0}var E;\na:{var F=\"\",G=function(){var a=w;if(ya)return/rv:([^\\);]+)(\\)|;)/.exec(a);if(xa)return/Edge\\/([\\d\\.]+)/.exec(a);if(C)return/\\b(?:MSIE|rv)[: ]([^\\);]+)(\\)|;)/.exec(a);if(za)return/WebKit\\/(\\S+)/.exec(a);if(wa)return/(?:Version)[ \\/]?(\\S+)/.exec(a)}();G&&(F=G?G[1]:\"\");if(C){var H=Aa();if(null!=H&&H>parseFloat(F)){E=String(H);break a}}E=F}var va={};function Ba(a){return ua(a,function(){return 0\u003C=na(E,a)})}var I;I=g.document&&C?Aa():void 0;var Ca=y(),Da=B()||x(\"iPod\"),Ea=x(\"iPad\"),Fa=x(\"Android\")&&!(A()||y()||x(\"Opera\")||x(\"Silk\")),Ga=A(),Ha=x(\"Safari\")&&!(A()||x(\"Coast\")||x(\"Opera\")||x(\"Edge\")||x(\"Edg/\")||x(\"OPR\")||y()||x(\"Silk\")||x(\"Android\"))&&!(B()||x(\"iPad\")||x(\"iPod\"));function J(a){return(a=a.exec(w))?a[1]:\"\"}(function(){if(Ca)return J(/Firefox\\/([0-9.]+)/);if(C||xa||wa)return E;if(Ga)return B()||x(\"iPad\")||x(\"iPod\")?J(/CriOS\\/([0-9.]+)/):J(/Chrome\\/([0-9.]+)/);if(Ha&&!(B()||x(\"iPad\")||x(\"iPod\")))return J(/Version\\/([0-9.]+)/);if(Da||Ea){var a=/Version\\/(\\S+).*Mobile\\/(\\S+)/.exec(w);if(a)return a[1]+\".\"+a[2]}else if(Fa)return(a=J(/Android\\s+([0-9.]+)/))?a:J(/Version\\/([0-9.]+)/);return\"\"})();var K;if(K=C)K=!(9\u003C=Number(I));var Ia=K;function L(a,b){this.x=void 0!==a?a:0;this.y=void 0!==b?b:0}L.prototype.ceil=function(){this.x=Math.ceil(this.x);this.y=Math.ceil(this.y);return this};L.prototype.floor=function(){this.x=Math.floor(this.x);this.y=Math.floor(this.y);return this};L.prototype.round=function(){this.x=Math.round(this.x);this.y=Math.round(this.y);return this};function M(a,b){this.width=a;this.height=b}M.prototype.aspectRatio=function(){return this.width/this.height};M.prototype.ceil=function(){this.width=Math.ceil(this.width);this.height=Math.ceil(this.height);return this};M.prototype.floor=function(){this.width=Math.floor(this.width);this.height=Math.floor(this.height);return this};M.prototype.round=function(){this.width=Math.round(this.width);this.height=Math.round(this.height);return this};function N(a){return 9==a.nodeType?a:a.ownerDocument||a.document}function Ja(a,b){a&&(a=a.parentNode);for(var c=0;a;){if(b(a))return a;a=a.parentNode;c++}return null}function Ka(a){this.a=a||g.document||document};function P(a,b){b&&\"string\"!==typeof b&&(b=b.toString());return a instanceof HTMLFormElement?!!a&&1==a.nodeType&&(!b||\"FORM\"==b):!!a&&1==a.nodeType&&(!b||a.tagName.toUpperCase()==b)};function Q(a,b,c,e){this.f=a;this.a=b;this.b=c;this.c=e}Q.prototype.ceil=function(){this.f=Math.ceil(this.f);this.a=Math.ceil(this.a);this.b=Math.ceil(this.b);this.c=Math.ceil(this.c);return this};Q.prototype.floor=function(){this.f=Math.floor(this.f);this.a=Math.floor(this.a);this.b=Math.floor(this.b);this.c=Math.floor(this.c);return this};Q.prototype.round=function(){this.f=Math.round(this.f);this.a=Math.round(this.a);this.b=Math.round(this.b);this.c=Math.round(this.c);return this};function R(a,b,c,e){this.a=a;this.b=b;this.width=c;this.height=e}R.prototype.ceil=function(){this.a=Math.ceil(this.a);this.b=Math.ceil(this.b);this.width=Math.ceil(this.width);this.height=Math.ceil(this.height);return this};R.prototype.floor=function(){this.a=Math.floor(this.a);this.b=Math.floor(this.b);this.width=Math.floor(this.width);this.height=Math.floor(this.height);return this};\nR.prototype.round=function(){this.a=Math.round(this.a);this.b=Math.round(this.b);this.width=Math.round(this.width);this.height=Math.round(this.height);return this};var La=\"function\"===typeof ShadowRoot;function S(a){for(a=a.parentNode;a&&1!=a.nodeType&&9!=a.nodeType&&11!=a.nodeType;)a=a.parentNode;return P(a)?a:null}\nfunction T(a,b){b=ta(b);if(\"float\"==b||\"cssFloat\"==b||\"styleFloat\"==b)b=Ia?\"styleFloat\":\"cssFloat\";a:{var c=b;var e=N(a);if(e.defaultView&&e.defaultView.getComputedStyle&&(e=e.defaultView.getComputedStyle(a,null))){c=e[c]||e.getPropertyValue(c)||\"\";break a}c=\"\"}a=c||Ma(a,b);if(null===a)a=null;else if(0\u003C=da(ia,b)){b:{var d=a.match(la);if(d&&(b=Number(d[1]),c=Number(d[2]),e=Number(d[3]),d=Number(d[4]),0\u003C=b&&255>=b&&0\u003C=c&&255>=c&&0\u003C=e&&255>=e&&0\u003C=d&&1>=d)){b=[b,c,e,d];break b}b=null}if(!b)b:{if(e=a.match(ma))if(b=\nNumber(e[1]),c=Number(e[2]),e=Number(e[3]),0\u003C=b&&255>=b&&0\u003C=c&&255>=c&&0\u003C=e&&255>=e){b=[b,c,e,1];break b}b=null}if(!b)b:{b=a.toLowerCase();c=ha[b.toLowerCase()];if(!c&&(c=\"#\"==b.charAt(0)?b:\"#\"+b,4==c.length&&(c=c.replace(ja,\"#$1$1$2$2$3$3\")),!ka.test(c))){b=null;break b}b=[parseInt(c.substr(1,2),16),parseInt(c.substr(3,2),16),parseInt(c.substr(5,2),16),1]}a=b?\"rgba(\"+b.join(\", \")+\")\":a}return a}\nfunction Ma(a,b){var c=a.currentStyle||a.style,e=c[b];void 0===e&&\"function\"==aa(c.getPropertyValue)&&(e=c.getPropertyValue(b));return\"inherit\"!=e?void 0!==e?e:null:(a=S(a))?Ma(a,b):null}\nfunction U(a,b,c){function e(h){var n=V(h);return 0\u003Cn.height&&0\u003Cn.width?!0:P(h,\"PATH\")&&(0\u003Cn.height||0\u003Cn.width)?(h=T(h,\"stroke-width\"),!!h&&0\u003CparseInt(h,10)):\"hidden\"!=T(h,\"overflow\")&&ea(h.childNodes,function(D){return 3==D.nodeType||P(D)&&e(D)})}function d(h){return Na(h)==W&&fa(h.childNodes,function(n){return!P(n)||d(n)||!e(n)})}if(!P(a))throw Error(\"Argument to isShown must be of type Element\");if(P(a,\"BODY\"))return!0;if(P(a,\"OPTION\")||P(a,\"OPTGROUP\"))return a=Ja(a,function(h){return P(h,\"SELECT\")}),\n!!a&&U(a,!0,c);var f=Oa(a);if(f)return!!f.image&&0\u003Cf.rect.width&&0\u003Cf.rect.height&&U(f.image,b,c);if(P(a,\"INPUT\")&&\"hidden\"==a.type.toLowerCase()||P(a,\"NOSCRIPT\"))return!1;f=T(a,\"visibility\");return\"collapse\"!=f&&\"hidden\"!=f&&c(a)&&(b||0!=Pa(a))&&e(a)?!d(a):!1}var W=\"hidden\";\nfunction Na(a){function b(k){function l(ba){if(ba==h)return!0;var pa=T(ba,\"display\");return 0==pa.lastIndexOf(\"inline\",0)||\"contents\"==pa||\"absolute\"==qa&&\"static\"==T(ba,\"position\")?!1:!0}var qa=T(k,\"position\");if(\"fixed\"==qa)return ra=!0,k==h?null:h;for(k=S(k);k&&!l(k);)k=S(k);return k}function c(k){var l=k;if(\"visible\"==D)if(k==h&&n)l=n;else if(k==n)return{x:\"visible\",y:\"visible\"};l={x:T(l,\"overflow-x\"),y:T(l,\"overflow-y\")};k==h&&(l.x=\"visible\"==l.x?\"auto\":l.x,l.y=\"visible\"==l.y?\"auto\":l.y);return l}\nfunction e(k){if(k==h){var l=(new Ka(f)).a;k=l.scrollingElement?l.scrollingElement:za||\"CSS1Compat\"!=l.compatMode?l.body||l.documentElement:l.documentElement;l=l.parentWindow||l.defaultView;k=C&&Ba(\"10\")&&l.pageYOffset!=k.scrollTop?new L(k.scrollLeft,k.scrollTop):new L(l.pageXOffset||k.scrollLeft,l.pageYOffset||k.scrollTop)}else k=new L(k.scrollLeft,k.scrollTop);return k}var d=Qa(a),f=N(a),h=f.documentElement,n=f.body,D=T(h,\"overflow\"),ra;for(a=b(a);a;a=b(a)){var q=c(a);if(\"visible\"!=q.x||\"visible\"!=\nq.y){var t=V(a);if(0==t.width||0==t.height)return W;var z=d.a\u003Ct.a,O=d.b\u003Ct.b;if(z&&\"hidden\"==q.x||O&&\"hidden\"==q.y)return W;if(z&&\"visible\"!=q.x||O&&\"visible\"!=q.y){z=e(a);O=d.b\u003Ct.b-z.y;if(d.a\u003Ct.a-z.x&&\"visible\"!=q.x||O&&\"visible\"!=q.x)return W;d=Na(a);return d==W?W:\"scroll\"}z=d.c>=t.a+t.width;t=d.f>=t.b+t.height;if(z&&\"hidden\"==q.x||t&&\"hidden\"==q.y)return W;if(z&&\"visible\"!=q.x||t&&\"visible\"!=q.y){if(ra&&(q=e(a),d.c>=h.scrollWidth-q.x||d.a>=h.scrollHeight-q.y))return W;d=Na(a);return d==W?W:\"scroll\"}}}return\"none\"}\nfunction V(a){var b=Oa(a);if(b)return b.rect;if(P(a,\"HTML\"))return a=N(a),a=((a?a.parentWindow||a.defaultView:window)||window).document,a=\"CSS1Compat\"==a.compatMode?a.documentElement:a.body,a=new M(a.clientWidth,a.clientHeight),new R(0,0,a.width,a.height);try{var c=a.getBoundingClientRect()}catch(e){return new R(0,0,0,0)}b=new R(c.left,c.top,c.right-c.left,c.bottom-c.top);C&&a.ownerDocument.body&&(a=N(a),b.a-=a.documentElement.clientLeft+a.body.clientLeft,b.b-=a.documentElement.clientTop+a.body.clientTop);\nreturn b}\nfunction Oa(a){var b=P(a,\"MAP\");if(!b&&!P(a,\"AREA\"))return null;var c=b?a:P(a.parentNode,\"MAP\")?a.parentNode:null,e=null,d=null;if(c&&c.name){e='*[usemap=\"#'+c.name+'\"]';c=N(c);var f;if(f=\"function\"!=aa(c.querySelector)&&C&&(C?0\u003C=na(I,8):Ba(8))){f=c.querySelector;var h=typeof f;f=!(\"object\"==h&&null!=f||\"function\"==h)}if(f)throw Error(\"CSS selection is not supported\");if(!e)throw new m(32,\"No selector specified\");e=u(e);try{var n=c.querySelector(e)}catch(D){throw new m(32,\"An invalid or illegal selector was specified\");}if(e=\nn&&1==n.nodeType?n:null)d=V(e),b||\"default\"==a.shape.toLowerCase()||(a=Ra(a),b=Math.min(Math.max(a.a,0),d.width),n=Math.min(Math.max(a.b,0),d.height),d=new R(b+d.a,n+d.b,Math.min(a.width,d.width-b),Math.min(a.height,d.height-n)))}return{image:e,rect:d||new R(0,0,0,0)}}\nfunction Ra(a){var b=a.shape.toLowerCase();a=a.coords.split(\",\");if(\"rect\"==b&&4==a.length){b=a[0];var c=a[1];return new R(b,c,a[2]-b,a[3]-c)}if(\"circle\"==b&&3==a.length)return b=a[2],new R(a[0]-b,a[1]-b,2*b,2*b);if(\"poly\"==b&&2\u003Ca.length){b=a[0];c=a[1];for(var e=b,d=c,f=2;f+1\u003Ca.length;f+=2)b=Math.min(b,a[f]),e=Math.max(e,a[f]),c=Math.min(c,a[f+1]),d=Math.max(d,a[f+1]);return new R(b,c,e-b,d-c)}return new R(0,0,0,0)}function Qa(a){a=V(a);return new Q(a.b,a.a+a.width,a.b+a.height,a.a)}\nfunction Pa(a){if(Ia){if(\"relative\"==T(a,\"position\"))return 1;a=T(a,\"filter\");return(a=a.match(/^alpha\\(opacity=(\\d*)\\)/)||a.match(/^progid:DXImageTransform.Microsoft.Alpha\\(Opacity=(\\d*)\\)/))?Number(a[1])/100:1}return Sa(a)}function Sa(a){var b=1,c=T(a,\"opacity\");c&&(b=Number(c));(a=S(a))&&(b*=Sa(a));return b};function Ta(a,b){function c(e){if(P(e)&&\"none\"==T(e,\"display\"))return!1;var d;if((d=e.parentNode)&&d.shadowRoot&&void 0!==e.assignedSlot)d=e.assignedSlot?e.assignedSlot.parentNode:null;else if(e.getDestinationInsertionPoints){var f=e.getDestinationInsertionPoints();0\u003Cf.length&&(d=f[f.length-1])}if(La&&d instanceof ShadowRoot){if(d.host.shadowRoot&&d.host.shadowRoot!==d)return!1;d=d.host}return!d||9!=d.nodeType&&11!=d.nodeType?d&&P(d,\"DETAILS\")&&!d.open&&!P(e,\"SUMMARY\")?!1:!!d&&c(d):!0}return U(a,\n!!b,c)}var X=[\"_\"],Y=g;X[0]in Y||\"undefined\"==typeof Y.execScript||Y.execScript(\"var \"+X[0]);for(var Z;X.length&&(Z=X.shift());)X.length||void 0===Ta?Y[Z]&&Y[Z]!==Object.prototype[Z]?Y=Y[Z]:Y=Y[Z]={}:Y[Z]=Ta;; return this._.apply(null,arguments);}).apply({navigator:typeof window!='undefined'?window.navigator:null,document:typeof window!='undefined'?window.document:null}, arguments);}).apply(null, arguments)"
}
[1744977847.080][INFO]: Waiting for pending navigations...
[1744977847.080][DEBUG]: DevTools WebSocket Command: Runtime.evaluate (id=76) (session_id=AB05EFBB32E2D16330429566E2B949DF) B6CA9F10457516C8DBA26B0F13A3931A {
   "expression": "1"
}
[1744977847.081][DEBUG]: DevTools WebSocket Response: Runtime.evaluate (id=76) (session_id=AB05EFBB32E2D16330429566E2B949DF) B6CA9F10457516C8DBA26B0F13A3931A {
   "result": {
      "description": "1",
      "type": "number",
      "value": 1
   }
}
[1744977847.081][INFO]: Done waiting for pending navigations. Status: ok
[1744977847.081][DEBUG]: DevTools WebSocket Command: Page.getFrameTree (id=77) (session_id=AB05EFBB32E2D16330429566E2B949DF) B6CA9F10457516C8DBA26B0F13A3931A {
}
[1744977847.081][DEBUG]: DevTools WebSocket Response: Page.getFrameTree (id=77) (session_id=AB05EFBB32E2D16330429566E2B949DF) B6CA9F10457516C8DBA26B0F13A3931A {
   "frameTree": {
      "childFrames": [ {
         "frame": {
            "adFrameStatus": {
               "adFrameType": "none",
               "explanations": [  ]
            },
            "crossOriginIsolatedContextType": "NotIsolated",
            "domainAndRegistry": "",
            "gatedAPIFeatures": [  ],
            "id": "0F3A88E700445EB788FAF948BA9C622B",
            "loaderId": "4E0A9B9E6069CBE70E7997794F4AC8C8",
            "mimeType": "text/html",
            "name": "",
            "parentId": "B6CA9F10457516C8DBA26B0F13A3931A",
            "secureContextType": "Secure",
            "securityOrigin": "://",
            "securityOriginDetails": {
               "isLocalhost": false
            },
            "url": "about:blank"
         }
      } ],
      "frame": {
         "adFrameStatus": {
            "adFrameType": "none"
         },
         "crossOriginIsolatedContextType": "NotIsolated",
         "domainAndRegistry": "ultimateqa.com",
         "gatedAPIFeatures": [  ],
         "id": "B6CA9F10457516C8DBA26B0F13A3931A",
         "loaderId": "18365E9A661D662B924702BE68D58A8E",
         "mimeType": "text/html",
         "secureContextType": "Secure",
         "securityOrigin": "https://ultimateqa.com",
         "securityOriginDetails": {
            "isLocalhost": false
         },
         "url": "https://ultimateqa.com/complicated-page"
      }
   }
}
[1744977847.081][DEBUG]: DevTools WebSocket Command: DOM.resolveNode (id=78) (session_id=AB05EFBB32E2D16330429566E2B949DF) B6CA9F10457516C8DBA26B0F13A3931A {
   "backendNodeId": 132,
   "objectGroup": "57e89793-b167-4c24-ad2c-43dcb265ac6e"
}
[1744977847.081][DEBUG]: DevTools WebSocket Response: DOM.resolveNode (id=78) (session_id=AB05EFBB32E2D16330429566E2B949DF) B6CA9F10457516C8DBA26B0F13A3931A {
   "object": {
      "className": "HTMLBodyElement",
      "description": "body.wp-singular.page-template-default.page.page-id-579.wp-theme-Divi.et-tb-has-template.et-tb-has-header.et-tb-has-footer.et_button_icon_visible.et_button_no_icon.et_button_custom_icon.et_pb_butto...",
      "objectId": "-4374113534182405852.2.7",
      "subtype": "node",
      "type": "object"
   }
}
[1744977847.081][DEBUG]: DevTools WebSocket Command: Page.getFrameTree (id=79) (session_id=AB05EFBB32E2D16330429566E2B949DF) B6CA9F10457516C8DBA26B0F13A3931A {
}
[1744977847.081][DEBUG]: DevTools WebSocket Response: Page.getFrameTree (id=79) (session_id=AB05EFBB32E2D16330429566E2B949DF) B6CA9F10457516C8DBA26B0F13A3931A {
   "frameTree": {
      "childFrames": [ {
         "frame": {
            "adFrameStatus": {
               "adFrameType": "none",
               "explanations": [  ]
            },
            "crossOriginIsolatedContextType": "NotIsolated",
            "domainAndRegistry": "",
            "gatedAPIFeatures": [  ],
            "id": "0F3A88E700445EB788FAF948BA9C622B",
            "loaderId": "4E0A9B9E6069CBE70E7997794F4AC8C8",
            "mimeType": "text/html",
            "name": "",
            "parentId": "B6CA9F10457516C8DBA26B0F13A3931A",
            "secureContextType": "Secure",
            "securityOrigin": "://",
            "securityOriginDetails": {
               "isLocalhost": false
            },
            "url": "about:blank"
         }
      } ],
      "frame": {
         "adFrameStatus": {
            "adFrameType": "none"
         },
         "crossOriginIsolatedContextType": "NotIsolated",
         "domainAndRegistry": "ultimateqa.com",
         "gatedAPIFeatures": [  ],
         "id": "B6CA9F10457516C8DBA26B0F13A3931A",
         "loaderId": "18365E9A661D662B924702BE68D58A8E",
         "mimeType": "text/html",
         "secureContextType": "Secure",
         "securityOrigin": "https://ultimateqa.com",
         "securityOriginDetails": {
            "isLocalhost": false
         },
         "url": "https://ultimateqa.com/complicated-page"
      }
   }
}
[1744977847.082][DEBUG]: DevTools WebSocket Command: Runtime.callFunctionOn (id=80) (session_id=AB05EFBB32E2D16330429566E2B949DF) B6CA9F10457516C8DBA26B0F13A3931A {
   "arguments": [ {
      "objectId": "-4374113534182405852.2.7"
   } ],
   "awaitPromise": true,
   "functionDeclaration": "function(){ return (function() { // Copyright 2012 The Chromium Authors\n// Use of this source code is governed by a BSD-style license that can be\n// found in the LICENSE file.\n\n/**\n * Enum for WebD...",
   "objectGroup": "57e89793-b167-4c24-ad2c-43dcb265ac6e",
   "serializationOptions": {
      "serialization": "deep"
   },
   "uniqueContextId": "-9080663590392398606.491732678573695337"
}
[1744977847.083][DEBUG]: DevTools WebSocket Response: Runtime.callFunctionOn (id=80) (session_id=AB05EFBB32E2D16330429566E2B949DF) B6CA9F10457516C8DBA26B0F13A3931A {
   "result": {
      "className": "Array",
      "deepSerializedValue": {
         "type": "array",
         "value": [ {
            "type": "string",
            "value": "{\"status\":0,\"value\":true}"
         } ]
      },
      "description": "Array(1)",
      "objectId": "-4374113534182405852.2.8",
      "subtype": "array",
      "type": "object"
   }
}
[1744977847.083][DEBUG]: DevTools WebSocket Command: Runtime.releaseObjectGroup (id=81) (session_id=AB05EFBB32E2D16330429566E2B949DF) B6CA9F10457516C8DBA26B0F13A3931A {
   "objectGroup": "57e89793-b167-4c24-ad2c-43dcb265ac6e"
}
[1744977847.083][INFO]: Waiting for pending navigations...
[1744977847.083][DEBUG]: DevTools WebSocket Command: Runtime.evaluate (id=82) (session_id=AB05EFBB32E2D16330429566E2B949DF) B6CA9F10457516C8DBA26B0F13A3931A {
   "expression": "1"
}
[1744977847.083][DEBUG]: DevTools WebSocket Response: Runtime.releaseObjectGroup (id=81) (session_id=AB05EFBB32E2D16330429566E2B949DF) B6CA9F10457516C8DBA26B0F13A3931A {
}
[1744977847.083][DEBUG]: DevTools WebSocket Response: Runtime.evaluate (id=82) (session_id=AB05EFBB32E2D16330429566E2B949DF) B6CA9F10457516C8DBA26B0F13A3931A {
   "result": {
      "description": "1",
      "type": "number",
      "value": 1
   }
}
[1744977847.083][INFO]: Done waiting for pending navigations. Status: ok
[1744977847.083][INFO]: [ee37cfa0bc58cd51f9b7fe744b794ee3] RESPONSE ExecuteScript true
2025-04-18 17:34:07.185 Google Chrome[21035:5675980] +[IMKClient subclass]: chose IMKClient_Modern
[1744977850.097][INFO]: [ee37cfa0bc58cd51f9b7fe744b794ee3] COMMAND GetUrl {
}
[1744977850.097][DEBUG]: DevTools WebSocket Event: Page.frameDetached (session_id=AB05EFBB32E2D16330429566E2B949DF) B6CA9F10457516C8DBA26B0F13A3931A {
   "frameId": "E72FE9DE32A66DE3CA45696B514BDFE6",
   "reason": "remove"
}
[1744977850.097][DEBUG]: DevTools WebSocket Event: Target.detachedFromTarget (session_id=AB05EFBB32E2D16330429566E2B949DF) B6CA9F10457516C8DBA26B0F13A3931A {
   "sessionId": "5A257C9045AF9CB27EAC7AAECCD07E5B",
   "targetId": "E72FE9DE32A66DE3CA45696B514BDFE6"
}
[1744977850.097][DEBUG]: DevTools WebSocket Event: Page.frameDetached (session_id=AB05EFBB32E2D16330429566E2B949DF) B6CA9F10457516C8DBA26B0F13A3931A {
   "frameId": "BE2E2D8E21CF170138158FF222F51776",
   "reason": "remove"
}
[1744977850.097][DEBUG]: DevTools WebSocket Event: Target.detachedFromTarget (session_id=1CE66E8C0619848B53E56919189B2A1E) 1CE66E8C0619848B53E56919189B2A1E {
   "sessionId": "39BACCC55617F6E41AC96FDE41EB3AC9",
   "targetId": "421147E63193A27B5FB8E76550F94C35"
}
[1744977850.097][DEBUG]: DevTools WebSocket Event: Target.detachedFromTarget (session_id=AB05EFBB32E2D16330429566E2B949DF) B6CA9F10457516C8DBA26B0F13A3931A {
   "sessionId": "1CE66E8C0619848B53E56919189B2A1E",
   "targetId": "BE2E2D8E21CF170138158FF222F51776"
}
[1744977850.097][DEBUG]: DevTools WebSocket Event: Target.detachedFromTarget (session_id=44BAA9BAB66C1A3F9BEEBB15DC73D16E) 5B577E9C32BB73F96A3DBEDF8E500A4A {
   "sessionId": "AB05EFBB32E2D16330429566E2B949DF",
   "targetId": "B6CA9F10457516C8DBA26B0F13A3931A"
}
[1744977850.097][DEBUG]: DevTools WebSocket Event: Target.detachedFromTarget (session_id=) browser {
   "sessionId": "44BAA9BAB66C1A3F9BEEBB15DC73D16E",
   "targetId": "5B577E9C32BB73F96A3DBEDF8E500A4A"
}
[1744977850.097][DEBUG]: DevTools WebSocket Command: Target.getTargets (id=83) (session_id=) browser {
   "filter": [ {
      "exclude": true,
      "type": "browser"
   }, {
      "exclude": true,
      "type": "page"
   }, {
      "exclude": false
   } ]
}
[1744977850.098][DEBUG]: DevTools WebSocket Response: Target.getTargets (id=83) (session_id=) browser {
   "targetInfos": [  ]
}
[1744977850.098][INFO]: [ee37cfa0bc58cd51f9b7fe744b794ee3] RESPONSE GetUrl
[1744977850.606][INFO]: [ee37cfa0bc58cd51f9b7fe744b794ee3] COMMAND GetUrl {
}
[1744977850.606][INFO]: [ee37cfa0bc58cd51f9b7fe744b794ee3] RESPONSE GetUrl ERROR no such window: target window already closed
from unknown error: web view not found
  (Session info: chrome=135.0.7049.96)
[1744977851.112][INFO]: [ee37cfa0bc58cd51f9b7fe744b794ee3] COMMAND GetUrl {
}
[1744977851.112][INFO]: [ee37cfa0bc58cd51f9b7fe744b794ee3] RESPONSE GetUrl ERROR no such window: target window already closed
from unknown error: web view not found
  (Session info: chrome=135.0.7049.96)
[1744977851.617][INFO]: [ee37cfa0bc58cd51f9b7fe744b794ee3] COMMAND GetUrl {
}
[1744977851.617][INFO]: [ee37cfa0bc58cd51f9b7fe744b794ee3] RESPONSE GetUrl ERROR no such window: target window already closed
from unknown error: web view not found
  (Session info: chrome=135.0.7049.96)
[1744977852.123][INFO]: [ee37cfa0bc58cd51f9b7fe744b794ee3] COMMAND GetUrl {
}
[1744977852.123][INFO]: [ee37cfa0bc58cd51f9b7fe744b794ee3] RESPONSE GetUrl ERROR no such window: target window already closed
from unknown error: web view not found
  (Session info: chrome=135.0.7049.96)
[1744977852.627][INFO]: [ee37cfa0bc58cd51f9b7fe744b794ee3] COMMAND GetUrl {
}
[1744977852.628][INFO]: [ee37cfa0bc58cd51f9b7fe744b794ee3] RESPONSE GetUrl ERROR no such window: target window already closed
from unknown error: web view not found
  (Session info: chrome=135.0.7049.96)
[1744977853.134][INFO]: [ee37cfa0bc58cd51f9b7fe744b794ee3] COMMAND GetUrl {
}
[1744977853.134][INFO]: [ee37cfa0bc58cd51f9b7fe744b794ee3] RESPONSE GetUrl ERROR no such window: target window already closed
from unknown error: web view not found
  (Session info: chrome=135.0.7049.96)
[1744977853.639][INFO]: [ee37cfa0bc58cd51f9b7fe744b794ee3] COMMAND GetUrl {
}
[1744977853.639][INFO]: [ee37cfa0bc58cd51f9b7fe744b794ee3] RESPONSE GetUrl ERROR no such window: target window already closed
from unknown error: web view not found
  (Session info: chrome=135.0.7049.96)
[1744977854.147][INFO]: [ee37cfa0bc58cd51f9b7fe744b794ee3] COMMAND GetUrl {
}
[1744977854.147][INFO]: [ee37cfa0bc58cd51f9b7fe744b794ee3] RESPONSE GetUrl ERROR no such window: target window already closed
from unknown error: web view not found
  (Session info: chrome=135.0.7049.96)
[1744977854.654][INFO]: [ee37cfa0bc58cd51f9b7fe744b794ee3] COMMAND GetUrl {
}
[1744977854.654][INFO]: [ee37cfa0bc58cd51f9b7fe744b794ee3] RESPONSE GetUrl ERROR no such window: target window already closed
from unknown error: web view not found
  (Session info: chrome=135.0.7049.96)
[1744977855.161][INFO]: [ee37cfa0bc58cd51f9b7fe744b794ee3] COMMAND GetUrl {
}
[1744977855.161][INFO]: [ee37cfa0bc58cd51f9b7fe744b794ee3] RESPONSE GetUrl ERROR no such window: target window already closed
from unknown error: web view not found
  (Session info: chrome=135.0.7049.96)
[1744977855.174][INFO]: [ee37cfa0bc58cd51f9b7fe744b794ee3] COMMAND Quit {
}
[1744977855.229][INFO]: [ee37cfa0bc58cd51f9b7fe744b794ee3] RESPONSE Quit
[1744977855.229][DEBUG]: Log type 'driver' lost 0 entries on destruction
[1744977855.229][DEBUG]: Log type 'browser' lost 9 entries on destruction
